,code,name
0,688251,井松智能
1,688163,赛伦生物
2,688377,迪威尔
3,600936,广西广电
4,603626,科森科技
5,605169,洪通燃气
6,603607,京华激光
7,600778,友好集团
8,603060,国检集团
9,603728,鸣志电器
10,603666,亿嘉和
11,600520,文一科技
12,603138,海量数据
13,603398,沐邦高科
14,600693,东百集团
15,600620,天宸股份
16,600576,祥源文旅
17,600543,莫高股份
18,600281,华阳新材
19,688400,凌云光
20,688330,宏力达
21,688576,西山科技
22,605080,浙江自然
23,688320,禾川科技
24,688408,中信博
25,688151,华强科技
26,688023,安恒信息
27,688314,康拓医疗
28,688622,禾信仪器
29,688455,科捷智能
30,688501,青达环保
31,688380,中微半导
32,605305,中际联合
33,600578,京能电力
34,600365,ST通葡
35,688698,伟创电气
36,600671,ST目药
37,605318,法狮龙
38,600777,ST新潮
39,600289,*ST信通
40,600027,华电国际
41,600127,金健米业
42,600831,ST广网
43,603045,福达合金
44,688383,新益昌
45,600265,景谷林业
46,600487,亨通光电
47,600927,永安期货
48,688685,迈信林
49,603990,麦迪科技
50,600764,中国海防
51,601615,明阳智能
52,600462,*ST九有
53,603766,隆鑫通用
54,688597,煜邦电力
55,601595,上海电影
56,603316,诚邦股份
57,600804,*ST鹏博
58,603958,哈森股份
59,688557,兰剑智能
60,603237,五芳斋
61,600968,海油发展
62,688103,国力股份
63,603062,麦加芯彩
64,603888,新华网
65,600539,狮头股份
66,603009,北特科技
67,600963,岳阳林纸
68,688367,工大高科
69,688028,沃尔德
70,688281,华秦科技
71,603608,*ST天创
72,688255,凯尔达
73,605055,迎丰股份
74,688260,昀冢科技
75,688603,天承科技
76,600661,昂立教育
77,688511,天微电子
78,605189,富春染织
79,688328,深科达
80,600435,北方导航
81,688056,莱伯泰科
82,600509,天富能源
83,688711,宏微科技
84,601222,林洋能源
85,600386,北巴传媒
86,600319,亚星化学
87,688292,浩瀚深度
88,600780,通宝能源
89,688229,博睿数据
90,688077,大地熊
91,688533,上声电子
92,600582,天地科技
93,688115,思林杰
94,603757,大元泵业
95,688280,精进电动-UW
96,601059,信达证券
97,603999,读者传媒
98,600568,ST中珠
99,600249,两面针
100,603063,禾望电气
101,603992,松霖科技
102,600060,海信视像
103,688017,绿的谐波
104,600381,ST春天
105,603188,亚邦股份
106,600828,茂业商业
107,603606,东方电缆
108,600765,中航重机
109,600611,大众交通
110,688716,中研股份
111,600811,东方集团
112,603315,福鞍股份
113,688349,三一重能
114,688182,灿勤科技
115,688210,统联精密
116,603730,岱美股份
117,600857,宁波中百
118,603214,爱婴室
119,688721,龙图光罩
120,688448,磁谷科技
121,603709,中源家居
122,600506,统一股份
123,688172,燕东微
124,603869,ST智知
125,600469,风神股份
126,688379,华光新材
127,600760,中航沈飞
128,605286,同力日升
129,688323,瑞华泰
130,600770,综艺股份
131,688273,麦澜德
132,603179,新泉股份
133,603662,柯力传感
134,600228,返利科技
135,688336,三生国健
136,688355,明志科技
137,603226,菲林格尔
138,688516,奥特维
139,603335,迪生力
140,600612,老凤祥
141,688560,明冠新材
142,688205,德科立
143,688170,德龙激光
144,603082,北自科技
145,600456,宝钛股份
146,600546,山煤国际
147,603808,歌力思
148,600280,中央商场
149,600526,菲达环保
150,688303,大全能源
151,603949,雪龙集团
152,600143,金发科技
153,605136,丽人丽妆
154,600608,ST沪科
155,688515,裕太微-U
156,603421,鼎信通讯
157,688215,瑞晟智能
158,688610,埃科光电
159,600637,东方明珠
160,600288,大恒科技
161,688013,天臣医疗
162,688190,云路股份
163,603969,银龙股份
164,600256,广汇能源
165,688226,威腾电气
166,600996,贵广网络
167,688391,钜泉科技
168,688030,山石网科
169,603787,新日股份
170,688373,盟科药业-U
171,600712,南宁百货
172,600051,宁波联合
173,600859,王府井
174,600753,庚星股份
175,603880,南卫股份
176,600302,标准股份
177,600152,维科技术
178,688301,奕瑞科技
179,688217,睿昂基因
180,603119,浙江荣泰
181,600774,汉商集团
182,603818,曲美家居
183,601933,永辉超市
184,605133,嵘泰股份
185,688305,科德数控
186,603225,新凤鸣
187,688687,凯因科技
188,688669,聚石化学
189,688386,泛亚微透
190,600232,金鹰股份
191,600803,新奥股份
192,688573,信宇人
193,600609,金杯汽车
194,603385,惠达卫浴
195,688768,容知日新
196,688053,思科瑞
197,688786,悦安新材
198,688186,广大特材
199,600728,佳都科技
200,688659,元琛科技
201,688789,宏华数科
202,600287,ST舜天
203,600560,金自天正
204,600522,中天科技
205,688793,倍轻松
206,688607,康众医疗
207,600678,四川金顶
208,688160,步科股份
209,605296,神农集团
210,600628,新世界
211,603255,鼎际得
212,688681,科汇股份
213,603280,南方路机
214,600135,乐凯胶片
215,603639,海利尔
216,601949,中国出版
217,605138,盛泰集团
218,605088,冠盛股份
219,603000,人民网
220,603040,新坐标
221,688001,华兴源创
222,600691,阳煤化工
223,600467,好当家
224,600225,*ST卓朗
225,600551,时代出版
226,601061,中信金属
227,605016,XD百龙创
228,600768,宁波富邦
229,688114,华大智造
230,603838,四通股份
231,603685,晨丰科技
232,688819,天能股份
233,688325,赛微微电
234,688161,威高骨科
235,603863,松炀资源
236,688799,华纳药厂
237,601333,广深铁路
238,688472,阿特斯
239,688092,爱科科技
240,600156,华升股份
241,600540,新赛股份
242,600202,哈空调
243,601966,玲珑轮胎
244,603399,永杉锂业
245,600880,博瑞传播
246,600610,中毅达
247,605298,必得科技
248,688109,品茗科技
249,600071,凤凰光学
250,688029,南微医学
251,688193,仁度生物
252,600782,新钢股份
253,603318,水发燃气
254,603131,上海沪工
255,600233,圆通速递
256,688686,奥普特
257,605366,宏柏新材
258,601929,吉视传媒
259,603218,日月股份
260,603103,横店影视
261,603558,健盛集团
262,603595,东尼电子
263,600130,波导股份
264,603108,润达医疗
265,688663,新风光
266,603598,引力传媒
267,688291,金橙子
268,688517,金冠电气
269,600981,汇鸿集团
270,600094,大名城
271,688798,艾为电子
272,605555,德昌股份
273,688171,纬德信息
274,688038,中科通达
275,600697,欧亚集团
276,688059,华锐精密
277,603129,春风动力
278,601801,皖新传媒
279,601118,海南橡胶
280,600673,东阳光
281,603948,建业股份
282,603038,华立股份
283,688420,美腾科技
284,600327,大东方
285,600925,苏能股份
286,688489,三未信安
287,688550,瑞联新材
288,600850,电科数字
289,601616,广电电气
290,603798,康普顿
291,603722,阿科力
292,688010,福光股份
293,603828,ST柯利达
294,603790,雅运股份
295,603978,深圳新星
296,601339,百隆东方
297,603908,牧高笛
298,605033,美邦股份
299,605077,华康股份
300,688272,富吉瑞
301,601798,蓝科高新
302,688365,光云科技
303,688569,铁科轨道
304,605580,恒盛能源
305,688200,华峰测控
306,603279,景津装备
307,688510,航亚科技
308,688011,新光光电
309,605066,天正电气
310,688661,和林微纳
311,603956,威派格
312,603022,新通联
313,688618,三旺通信
314,600783,鲁信创投
315,688168,安博通
316,600985,淮北矿业
317,601999,出版传媒
318,688230,芯导科技
319,603507,振江股份
320,688165,埃夫特-U
321,688311,盟升电子
322,603039,泛微网络
323,688209,英集芯
324,603729,龙韵股份
325,600455,博通股份
326,688392,骄成超声
327,600715,*ST文投
328,600730,中国高科
329,600738,丽尚国潮
330,688719,爱科赛博
331,688097,博众精工
332,603681,永冠新材
333,601086,国芳集团
334,603660,苏州科达
335,603161,科华控股
336,688479,友车科技
337,603488,展鹏科技
338,600725,云维股份
339,603825,华扬联众
340,605111,新洁能
341,603577,汇金通
342,688208,道通科技
343,603788,宁波高发
344,603155,新亚强
345,688628,优利德
346,603272,联翔股份
347,603707,健友股份
348,603669,灵康药业
349,600458,时代新材
350,601865,福莱特
351,688777,中控技术
352,603677,奇精机械
353,603489,八方股份
354,688297,中无人机
355,688571,杭华股份
356,603388,ST元成
357,600594,益佰制药
358,603968,醋化股份
359,688096,京源环保
360,688046,药康生物
361,603938,三孚股份
362,603238,诺邦股份
363,688300,联瑞新材
364,688081,兴图新科
365,603363,*ST傲农
366,603556,海兴电力
367,603726,朗迪集团
368,605208,永茂泰
369,688376,美埃科技
370,600022,山东钢铁
371,603216,梦天家居
372,600333,长春燃气
373,601100,恒立液压
374,605488,福莱新材
375,603236,移远通信
376,600150,中国船舶
377,603086,先达股份
378,688335,复洁环保
379,603110,东方材料
380,688067,爱威科技
381,600486,扬农化工
382,688108,赛诺医疗
383,688591,泰凌微
384,688585,上纬新材
385,600664,哈药股份
386,600448,华纺股份
387,605099,共创草坪
388,603989,艾华集团
389,688772,珠海冠宇
390,600235,民丰特纸
391,603023,*ST威帝
392,600346,恒力石化
393,688065,凯赛生物
394,603115,海星股份
395,600969,郴电国际
396,603121,华培动力
397,601858,中国科传
398,601001,晋控煤业
399,688625,呈和科技
400,688616,西力科技
401,605507,国邦医药
402,603163,圣晖集成
403,603070,万控智造
404,600378,昊华科技
405,688082,盛美上海
406,600352,浙江龙盛
407,600977,中国电影
408,605378,野马电池
409,688502,茂莱光学
410,603048,浙江黎明
411,603065,宿迁联盛
412,603601,再升科技
413,601811,新华文轩
414,603069,海汽集团
415,600215,派斯林
416,600590,泰豪科技
417,603609,禾丰股份
418,603173,福斯达
419,600405,动力源
420,688350,富淼科技
421,603466,风语筑
422,688158,优刻得-W
423,603353,和顺石油
424,688228,开普云
425,600354,敦煌种业
426,688203,海正生材
427,600206,有研新材
428,600483,福能股份
429,600883,博闻科技
430,600200,江苏吴中
431,600802,福建水泥
432,600476,湘邮科技
433,600810,神马股份
434,603139,康惠制药
435,600356,恒丰纸业
436,688138,清溢光电
437,603605,珀莱雅
438,603618,杭电股份
439,600795,国电电力
440,601019,山东出版
441,600076,康欣新材
442,600032,浙江新能
443,688239,航宇科技
444,605162,新中港
445,601608,中信重工
446,603839,安正时尚
447,603511,爱慕股份
448,603329,上海雅仕
449,600561,江西长运
450,688475,萤石网络
451,603203,快克智能
452,603106,恒银科技
453,601689,拓普集团
454,603190,亚通精工
455,600706,曲江文旅
456,600358,国旅联合
457,605218,伟时电子
458,688370,丛麟科技
459,600316,洪都航空
460,600367,红星发展
461,603116,红蜻蜓
462,688358,祥生医疗
463,600734,实达集团
464,688737,中自科技
465,600310,广西能源
466,600377,宁沪高速
467,688393,安必平
468,600773,西藏城投
469,688199,久日新材
470,603375,盛景微
471,688485,九州一轨
472,600692,亚通股份
473,600037,歌华有线
474,600241,时代万恒
475,603278,大业股份
476,603906,龙蟠科技
477,600137,浪莎股份
478,600667,太极实业
479,601808,中海油服
480,688577,浙海德曼
481,600825,新华传媒
482,688468,科美诊断
483,603289,泰瑞机器
484,688701,卓锦股份
485,603970,中农立华
486,688071,华依科技
487,688660,电气风电
488,603408,建霖家居
489,688221,前沿生物-U
490,688981,中芯国际
491,600062,华润双鹤
492,600570,恒生电子
493,605128,上海沿浦
494,688580,伟思医疗
495,601113,华鼎股份
496,603667,五洲新春
497,688019,安集科技
498,600588,用友网络
499,688120,华海清科
500,603813,原尚股份
501,603111,康尼机电
502,688353,华盛锂电
503,601975,招商南油
504,688306,均普智能
505,603333,尚纬股份
506,601106,中国一重
507,600844,丹化科技
508,600785,新华百货
509,600243,青海华鼎
510,600480,凌云股份
511,600818,中路股份
512,600538,国发股份
513,688766,普冉股份
514,603222,济民健康
515,603613,国联股份
516,688175,高凌信息
517,605158,华达新材
518,603920,世运电路
519,600229,城市传媒
520,600331,宏达股份
521,600128,苏豪弘业
522,605599,菜百股份
523,688680,海优新材
524,603330,天洋新材
525,688480,赛恩斯
526,688247,宣泰医药
527,600191,华资实业
528,603966,法兰泰克
529,688435,英方软件
530,600562,国睿科技
531,688131,皓元医药
532,603683,晶华新材
533,603193,润本股份
534,600517,国网英大
535,603089,正裕工业
536,603696,安记食品
537,603615,茶花股份
538,605122,四方新材
539,603416,信捷电气
540,600973,宝胜股份
541,600012,皖通高速
542,603587,地素时尚
543,603015,弘讯科技
544,605098,行动教育
545,603331,百达精工
546,601985,中国核电
547,603718,海利生物
548,601369,陕鼓动力
549,600459,贵研铂业
550,600694,大商股份
551,600763,通策医疗
552,600642,申能股份
553,605166,聚合顺
554,688137,近岸蛋白
555,603687,大胜达
556,603648,畅联股份
557,601888,中国中免
558,605068,明新旭腾
559,601996,丰林集团
560,688620,安凯微
561,688450,光格科技
562,601368,绿城水务
563,688595,芯海科技
564,600097,开创国际
565,603680,今创集团
566,688529,豪森智能
567,603077,和邦生物
568,603012,创力集团
569,601137,博威合金
570,688162,巨一科技
571,603719,良品铺子
572,601010,文峰股份
573,600868,梅雁吉祥
574,600095,湘财股份
575,688234,天岳先进
576,600703,三安光电
577,600556,天下秀
578,603042,华脉科技
579,601567,三星医疗
580,603006,联明股份
581,688146,中船特气
582,688021,奥福环保
583,688381,帝奥微
584,603633,徕木股份
585,600058,五矿发展
586,688225,亚信安全
587,600623,华谊集团
588,603679,华体科技
589,603088,宁波精达
590,600829,人民同泰
591,603682,锦和商管
592,603429,集友股份
593,688646,逸飞激光
594,601177,杭齿前进
595,601717,郑煤机
596,600011,华能国际
597,605008,长鸿高科
598,603819,神力股份
599,600955,维远股份
600,603098,森特股份
601,603011,合锻智能
602,688183,生益电子
603,603381,永臻股份
604,600410,华胜天成
605,688181,八亿时空
606,600592,龙溪股份
607,688375,国博电子
608,603655,朗博科技
609,603162,海通发展
610,601311,骆驼股份
611,600180,瑞茂通
612,600363,联创光电
613,603151,邦基科技
614,688192,迪哲医药-U
615,688561,奇安信-U
616,605268,王力安防
617,600218,全柴动力
618,688337,普源精电
619,688268,华特气体
620,603166,福达股份
621,601991,大唐发电
622,603767,中马传动
623,600237,铜峰电子
624,600415,小商品城
625,688079,美迪凯
626,688606,奥泰生物
627,603033,三维股份
628,688366,昊海生科
629,600959,江苏有线
630,688509,正元地信
631,688558,国盛智科
632,603690,至纯科技
633,600901,江苏金租
634,605100,华丰股份
635,688600,皖仪科技
636,603344,星德胜
637,688309,恒誉环保
638,603985,恒润股份
639,600089,特变电工
640,688321,微芯生物
641,688652,京仪装备
642,688403,汇成股份
643,603829,洛凯股份
644,600379,宝光股份
645,603273,天元智能
646,603215,比依股份
647,688148,芳源股份
648,603396,金辰股份
649,603113,金能科技
650,600776,东方通信
651,688227,品高股份
652,605180,华生科技
653,688248,南网科技
654,688739,成大生物
655,600643,爱建集团
656,600099,林海股份
657,603768,常青股份
658,601599,浙文影业
659,688567,孚能科技
660,688197,首药控股-U
661,603277,银都股份
662,605222,起帆电缆
663,603165,荣晟环保
664,603506,南都物业
665,600824,益民集团
666,603260,合盛硅业
667,601298,青岛港
668,600330,天通股份
669,603657,春光科技
670,688692,达梦数据
671,603901,永创智能
672,688025,杰普特
673,688653,康希通信
674,600587,新华医疗
675,688102,斯瑞新材
676,688216,气派科技
677,600881,亚泰集团
678,603516,淳中科技
679,600055,万东医疗
680,603326,我乐家居
681,600080,金花股份
682,688004,博汇科技
683,603982,泉峰汽车
684,688526,科前生物
685,603199,九华旅游
686,603617,君禾股份
687,688621,阳光诺和
688,603090,宏盛股份
689,600710,苏美达
690,603533,掌阅科技
691,605589,圣泉集团
692,603881,数据港
693,603130,云中马
694,603306,华懋科技
695,600083,*ST博信
696,688556,高测股份
697,603797,联泰环保
698,605155,西大门
699,600737,中粮糖业
700,688530,欧莱新材
701,688538,和辉光电-U
702,600149,廊坊发展
703,603002,宏昌电子
704,688026,洁特生物
705,605369,拱东医疗
706,600493,凤竹纺织
707,688285,高铁电气
708,688089,嘉必优
709,605588,冠石科技
710,601136,首创证券
711,603928,兴业股份
712,600439,瑞贝卡
713,600025,华能水电
714,688562,航天软件
715,688586,江航装备
716,600523,贵航股份
717,688080,映翰通
718,600641,万业企业
719,603096,新经典
720,600790,轻纺城
721,603169,兰石重装
722,600141,兴发集团
723,600729,重庆百货
724,605123,派克新材
725,600613,神奇制药
726,688159,有方科技
727,601956,东贝集团
728,688505,复旦张江
729,688611,杭州柯林
730,688069,德林海
731,600250,南京商旅
732,600222,太龙药业
733,603185,弘元绿能
734,688563,航材股份
735,600537,亿晶光电
736,600351,亚宝药业
737,600371,万向德农
738,601020,华钰矿业
739,603803,瑞斯康达
740,603191,望变电气
741,601886,江河集团
742,605389,长龄液压
743,688257,新锐股份
744,688662,富信科技
745,600298,安琪酵母
746,600073,光明肉业
747,600165,*ST宁科
748,688523,航天环宇
749,603759,海天股份
750,603322,超讯通信
751,688307,中润光学
752,603068,博通集成
753,601778,晶科科技
754,603031,安孚科技
755,605196,华通线缆
756,688322,奥比中光-UW
757,603229,奥翔药业
758,601866,中远海发
759,600640,国脉文化
760,600886,国投电力
761,688579,山大地纬
762,603150,万朗磁塑
763,600895,张江高科
764,600360,ST华微
765,688456,有研粉材
766,688636,智明达
767,603332,苏州龙杰
768,603258,电魂网络
769,688287,ST观典
770,603991,至正股份
771,605338,巴比食品
772,600033,福建高速
773,603076,乐惠国际
774,600300,维维股份
775,688188,柏楚电子
776,603310,巍华新材
777,603016,新宏泰
778,601825,沪农商行
779,600488,津药药业
780,688602,康鹏科技
781,603987,康德莱
782,603698,航天工程
783,601116,三江购物
784,600496,精工钢构
785,600370,三房巷
786,603596,伯特利
787,688658,悦康药业
788,688409,富创精密
789,605001,威奥股份
790,688123,聚辰股份
791,688315,诺禾致源
792,600348,华阳股份
793,688588,凌志软件
794,601718,际华集团
795,600108,亚盛集团
796,688596,正帆科技
797,600119,长江投资
798,603861,白云电器
799,601952,苏垦农发
800,603019,中科曙光
801,688361,中科飞测
802,603983,丸美生物
803,688419,耐科装备
804,601880,辽港股份
805,600722,金牛化工
806,688484,南芯科技
807,603806,福斯特
808,600875,东方电气
809,605567,春雪食品
810,603477,巨星农牧
811,603168,莎普爱思
812,605399,晨光新材
813,601518,吉林高速
814,600653,申华控股
815,688027,国盾量子
816,601007,金陵饭店
817,603955,大千生态
818,688679,通源环境
819,600858,银座股份
820,600392,盛和资源
821,600168,武汉控股
822,600271,航天信息
823,600529,山东药玻
824,688334,西高院
825,688329,艾隆科技
826,603789,星光农机
827,600132,重庆啤酒
828,600711,ST盛屯
829,688416,恒烁股份
830,605368,蓝天燃气
831,688236,春立医疗
832,688458,美芯晟
833,603390,通达电气
834,603269,海鸥股份
835,600118,中国卫星
836,603020,爱普股份
837,600075,新疆天业
838,603706,东方环宇
839,688395,正弦电气
840,603073,彩蝶实业
841,605228,神通科技
842,600598,北大荒
843,600689,上海三毛
844,688211,中科微至
845,688787,海天瑞声
846,600662,外服控股
847,600189,泉阳泉
848,601033,永兴股份
849,688218,江苏北人
850,688566,吉贝尔
851,688581,安杰思
852,600301,华锡有色
853,600148,长春一东
854,603212,赛伍技术
855,603266,天龙股份
856,603109,神驰机电
857,688088,虹软科技
858,600251,冠农股份
859,603717,天域生物
860,603638,艾迪精密
861,605168,三人行
862,601218,吉鑫科技
863,688031,星环科技-U
864,603135,中重科技
865,603219,富佳股份
866,603656,泰禾智能
867,600499,科达制造
868,605255,天普股份
869,603858,步长制药
870,603610,麒盛科技
871,603611,诺力股份
872,603177,德创环保
873,600651,飞乐音响
874,603235,天新药业
875,601878,浙商证券
876,603328,依顿电子
877,605398,新炬网络
878,603912,佳力图
879,600758,辽宁能源
880,600626,申达股份
881,600966,博汇纸业
882,605259,绿田机械
883,603001,奥康国际
884,601016,节能风电
885,600845,宝信软件
886,603616,韩建河山
887,600938,中国海油
888,688238,和元生物
889,688486,龙迅股份
890,605108,同庆楼
891,600217,中再资环
892,603501,韦尔股份
893,688219,会通股份
894,600535,天士力
895,600814,杭州解百
896,600713,南京医药
897,603123,翠微股份
898,601619,嘉泽新能
899,600259,广晟有色
900,601500,通用股份
901,600704,物产中大
902,600190,ST锦港
903,688655,迅捷兴
904,601002,晋亿实业
905,600916,中国黄金
906,600660,福耀玻璃
907,603903,中持股份
908,603058,永吉股份
909,600863,内蒙华电
910,600793,宜宾纸业
911,605179,一鸣食品
912,600976,健民集团
913,688112,鼎阳科技
914,600508,上海能源
915,688060,云涌科技
916,603612,索通发展
917,603231,索宝蛋白
918,603286,日盈电子
919,688565,力源科技
920,688667,菱电电控
921,600674,川投能源
922,688045,必易微
923,688189,南新制药
924,600797,浙大网新
925,603530,神马电力
926,600718,东软集团
927,603897,长城科技
928,605500,森林包装
929,603320,迪贝电气
930,600186,莲花控股
931,605177,东亚药业
932,605188,国光连锁
933,600979,广安爱众
934,603186,华正新材
935,688152,麒麟信安
936,688718,唯赛勃
937,603256,宏和科技
938,601099,太平洋
939,600100,同方股份
940,688508,芯朋微
941,603041,美思德
942,603232,格尔软件
943,603377,ST东时
944,603518,锦泓集团
945,600482,中国动力
946,600784,鲁银投资
947,600603,ST广物
948,600478,科力远
949,600727,鲁北化工
950,605086,龙高股份
951,603285,键邦股份
952,605050,福然德
953,600436,片仔癀
954,603311,金海高科
955,688155,先惠技术
956,605007,五洲特纸
957,603201,常润股份
958,688513,苑东生物
959,688372,伟测科技
960,603097,江苏华辰
961,600212,绿能慧充
962,600216,浙江医药
963,688800,瑞可达
964,605577,龙版传媒
965,603208,江山欧派
966,600063,皖维高新
967,601279,英利汽车
968,688332,中科蓝讯
969,600862,中航高科
970,688141,杰华特
971,601139,深圳燃气
972,600579,克劳斯
973,600866,星湖科技
974,600198,大唐电信
975,603180,金牌家居
976,600965,福成股份
977,603259,药明康德
978,603777,来伊份
979,600503,华丽家族
980,600805,悦达投资
981,688387,信科移动-U
982,601678,滨化股份
983,600683,京投发展
984,600826,兰生股份
985,600126,杭钢股份
986,600193,创兴资源
987,688312,燕麦科技
988,603980,吉华集团
989,600861,北京人力
990,600207,安彩高科
991,688118,普元信息
992,603239,浙江仙通
993,603527,众源新材
994,600052,东望时代
995,600475,华光环能
996,600982,宁波能源
997,600757,长江传媒
998,600714,金瑞矿业
999,605028,世茂能源
1000,688195,腾景科技
1001,603268,松发股份
1002,600305,恒顺醋业
1003,600103,青山纸业
1004,603536,惠发食品
1005,600120,浙江东方
1006,688733,壹石通
1007,600106,重庆路桥
1008,600313,农发种业
1009,688275,万润新能
1010,688277,天智航-U
1011,601096,宏盛华源
1012,601126,四方股份
1013,600822,上海物贸
1014,603350,安乃达
1015,600518,康美药业
1016,688589,力合微
1017,600446,金证股份
1018,688222,成都先导
1019,600739,辽宁成大
1020,600169,太原重工
1021,688113,联测科技
1022,600638,新黄浦
1023,688439,振华风光
1024,600369,西南证券
1025,603067,振华股份
1026,603776,永安行
1027,603557,ST起步
1028,603538,美诺华
1029,688126,沪硅产业
1030,600267,海正药业
1031,601869,长飞光纤
1032,600602,云赛智联
1033,605069,正和生态
1034,688633,星球石墨
1035,600082,海泰发展
1036,600815,厦工股份
1037,605020,永和股份
1038,603725,天安新材
1039,603697,有友食品
1040,688551,科威尔
1041,601022,宁波远洋
1042,688396,华润微
1043,605365,立达信
1044,603206,嘉环科技
1045,600800,渤海化学
1046,688049,炬芯科技
1047,603500,祥和实业
1048,600172,黄河旋风
1049,688075,安旭生物
1050,603721,中广天择
1051,688098,申联生物
1052,688638,誉辰智能
1053,600986,浙文互联
1054,600020,中原高速
1055,688130,晶华微
1056,601921,浙版传媒
1057,603708,家家悦
1058,600184,光电股份
1059,603915,国茂股份
1060,600525,长园集团
1061,688202,美迪西
1062,603883,老百姓
1063,601555,东吴证券
1064,600633,浙数文化
1065,605358,立昂微
1066,688356,键凯科技
1067,688339,亿华通-U
1068,600391,航发科技
1069,603351,威尔药业
1070,688095,福昕软件
1071,603876,鼎胜新材
1072,600876,凯盛新能
1073,600572,康恩贝
1074,603043,广州酒家
1075,600470,六国化工
1076,600400,红豆股份
1077,688087,英科再生
1078,688191,智洋创新
1079,601698,中国卫通
1080,688083,中望软件
1081,600751,海航科技
1082,603738,泰晶科技
1083,688107,安路科技
1084,600282,南钢股份
1085,600490,鹏欣资源
1086,688313,仕佳光子
1087,605005,合兴股份
1088,600665,天地源
1089,600516,方大炭素
1090,605258,协和电子
1091,688133,泰坦科技
1092,600837,海通证券
1093,600679,上海凤凰
1094,600980,北矿科技
1095,603170,宝立食品
1096,603661,恒林股份
1097,603305,旭升集团
1098,688697,纽威数控
1099,603799,华友钴业
1100,600158,中体产业
1101,603117,万林物流
1102,603281,江瀚新材
1103,603392,万泰生物
1104,600238,海南椰岛
1105,601515,东峰集团
1106,600088,中视传媒
1107,603127,昭衍新药
1108,601360,三六零
1109,600685,中船防务
1110,600166,福田汽车
1111,603036,如通股份
1112,688299,长阳科技
1113,603817,海峡环保
1114,600396,华电辽能
1115,600593,大连圣亚
1116,600998,九州通
1117,600031,三一重工
1118,600617,国新能源
1119,603297,永新光学
1120,603159,上海亚虹
1121,601066,XD中信建
1122,601133,柏诚股份
1123,605199,葫芦娃
1124,603093,南华期货
1125,600595,中孚实业
1126,600293,三峡新材
1127,688269,凯立新材
1128,688122,西部超导
1129,600851,海欣股份
1130,688105,诺唯赞
1131,600403,大有能源
1132,600682,南京新百
1133,688084,晶品特装
1134,688073,毕得医药
1135,603867,新化股份
1136,688286,敏芯股份
1137,603927,中科软
1138,600460,士兰微
1139,600373,中文传媒
1140,688128,中国电研
1141,603701,德宏股份
1142,600644,乐山电力
1143,603636,南威软件
1144,600505,西昌电力
1145,600601,方正科技
1146,688169,石头科技
1147,688002,睿创微纳
1148,600833,第一医药
1149,603102,百合股份
1150,688153,唯捷创芯
1151,688617,惠泰医疗
1152,600513,联环药业
1153,600563,法拉电子
1154,688116,天奈科技
1155,600531,豫光金铅
1156,688061,灿瑞科技
1157,600668,尖峰集团
1158,600684,珠江股份
1159,600838,上海九百
1160,600444,国机通用
1161,601121,宝地矿业
1162,603075,热威股份
1163,600072,中船科技
1164,600017,日照港
1165,688003,天准科技
1166,603586,金麒麟
1167,600624,复旦复华
1168,600203,福日电子
1169,600008,首创环保
1170,601083,锦江航运
1171,603223,恒通股份
1172,600388,龙净环保
1173,603319,湘油泵
1174,688699,明微电子
1175,688678,福立旺
1176,605151,西上海
1177,600110,诺德股份
1178,600359,新农开发
1179,603637,镇海股份
1180,688619,罗普特
1181,688352,颀中科技
1182,600355,精伦电子
1183,600195,中牧股份
1184,600121,郑州煤电
1185,600792,云煤能源
1186,600495,晋西车轴
1187,688178,万德斯
1188,600107,美尔雅
1189,688519,南亚新材
1190,688235,百济神州-U
1191,688788,科思科技
1192,605116,奥锐特
1193,600681,百川能源
1194,601236,红塔证券
1195,600987,航民股份
1196,600111,北方稀土
1197,600992,贵绳股份
1198,600023,浙能电力
1199,600888,新疆众和
1200,600382,广东明珠
1201,601890,亚星锚链
1202,688399,硕世生物
1203,603301,振德医疗
1204,603856,东宏股份
1205,600510,黑牡丹
1206,603182,嘉华股份
1207,601995,XD中金公
1208,600116,三峡水利
1209,601375,中原证券
1210,603585,苏利股份
1211,688531,日联科技
1212,688223,晶科能源
1213,600173,卧龙地产
1214,603309,维力医疗
1215,600735,新华锦
1216,601727,上海电气
1217,600841,动力新科
1218,688469,芯联集成-U
1219,603112,华翔股份
1220,688058,宝兰德
1221,603578,三星新材
1222,688167,炬光科技
1223,601216,君正集团
1224,603105,芯能科技
1225,600429,三元股份
1226,688289,圣湘生物
1227,600500,中化国际
1228,603629,利通电子
1229,601928,凤凰传媒
1230,603167,渤海轮渡
1231,688338,赛科希德
1232,600219,南山铝业
1233,600196,复星医药
1234,600283,钱江水利
1235,688598,金博股份
1236,603057,紫燕食品
1237,600507,方大特钢
1238,600171,上海贝岭
1239,600059,古越龙山
1240,688677,海泰新光
1241,600123,兰花科创
1242,605006,山东玻纤
1243,603307,扬州金泉
1244,601028,玉龙股份
1245,688459,哈铁科技
1246,688707,振华新材
1247,603800,洪田股份
1248,688078,龙软科技
1249,688593,新相微
1250,600021,上海电力
1251,600550,保变电气
1252,601877,正泰电器
1253,603053,成都燃气
1254,600616,金枫酒业
1255,688018,乐鑫科技
1256,688689,银河微电
1257,688343,云天励飞-U
1258,688559,海目星
1259,600731,湖南海利
1260,600416,湘电股份
1261,605118,力鼎光电
1262,600338,西藏珠峰
1263,600138,中青旅
1264,601666,平煤股份
1265,688039,当虹科技
1266,600995,南网储能
1267,605388,均瑶健康
1268,600292,远达环保
1269,603988,中电电机
1270,603137,恒尚节能
1271,688623,双元科技
1272,603317,天味食品
1273,603126,中材节能
1274,688371,菲沃泰
1275,600210,紫江企业
1276,688093,XD世华科
1277,601609,金田股份
1278,600399,抚顺特钢
1279,600619,海立股份
1280,603004,鼎龙科技
1281,601366,利群股份
1282,600586,金晶科技
1283,600497,驰宏锌锗
1284,600353,旭光电子
1285,688308,欧科亿
1286,603727,博迈科
1287,600318,新力金融
1288,600917,重庆燃气
1289,688147,微导纳米
1290,601686,友发集团
1291,600366,宁波韵升
1292,600335,国机汽车
1293,600975,新五丰
1294,600906,财达证券
1295,600085,同仁堂
1296,600332,白云山
1297,688359,三孚新科
1298,601233,桐昆股份
1299,688261,东微半导
1300,600584,长电科技
1301,600201,生物股份
1302,603569,长久物流
1303,600962,国投中鲁
1304,600018,上港集团
1305,688206,概伦电子
1306,601108,财通证券
1307,603758,秦安股份
1308,688177,百奥泰
1309,605299,舒华体育
1310,600630,龙头股份
1311,600847,万里股份
1312,605339,南侨食品
1313,688503,聚和材料
1314,600188,兖矿能源
1315,603341,龙旗科技
1316,600636,国新文化
1317,688249,晶合集成
1318,600113,浙江东日
1319,600830,香溢融通
1320,600109,国金证券
1321,600328,中盐化工
1322,603018,华设集团
1323,688543,国科军工
1324,688709,成都华微
1325,688052,纳芯微
1326,688630,芯碁微装
1327,603686,福龙马
1328,605167,利柏特
1329,688150,莱特光电
1330,603298,杭叉集团
1331,688500,慧辰股份
1332,600081,东风科技
1333,603520,司太立
1334,601065,江盐集团
1335,603010,万盛股份
1336,603918,金桥信息
1337,688388,嘉元科技
1338,603931,格林达
1339,601696,中银证券
1340,688319,欧林生物
1341,688682,霍莱沃
1342,688521,芯原股份
1343,688198,佰仁医疗
1344,603312,西典新能
1345,600438,通威股份
1346,601155,新城控股
1347,603977,国泰集团
1348,601456,国联证券
1349,601882,海天精工
1350,688121,卓然股份
1351,600548,深高速
1352,600873,梅花生物
1353,601138,工业富联
1354,688691,灿芯股份
1355,605336,帅丰电器
1356,603700,宁水集团
1357,600580,卧龙电驱
1358,688022,瀚川智能
1359,603267,鸿远电子
1360,601318,中国平安
1361,603659,璞泰来
1362,600426,华鲁恒升
1363,605377,华旺科技
1364,603950,长源东谷
1365,688518,联赢激光
1366,603566,普莱柯
1367,603755,日辰股份
1368,605060,联德股份
1369,688070,纵横股份
1370,603282,亚光股份
1371,688288,鸿泉物联
1372,600557,康缘药业
1373,603233,大参林
1374,601098,中南传媒
1375,603379,三美股份
1376,688345,博力威
1377,603107,上海汽配
1378,600900,长江电力
1379,688051,佳华科技
1380,688671,碧兴物联
1381,603855,华荣股份
1382,603172,万丰股份
1383,688362,甬矽电子
1384,600183,生益科技
1385,688267,中触媒
1386,603678,火炬电子
1387,603355,莱克电气
1388,688282,*ST导航
1389,688316,青云科技-U
1390,603650,彤程新材
1391,688125,安达智能
1392,603275,众辰科技
1393,600941,中国移动
1394,603713,密尔克卫
1395,688779,五矿新能
1396,688728,格科微
1397,688710,益诺思
1398,688555,退市泽达
1399,688528,秦川物联
1400,688333,铂力特
1401,688310,迈得医疗
1402,688296,和达科技
1403,688270,臻镭科技
1404,688252,天德钰
1405,688201,信安世纪
1406,688179,阿拉丁
1407,688176,亚虹医药-U
1408,688119,中钢洛耐
1409,688086,退市紫晶
1410,688072,拓荆科技
1411,688033,天宜上佳
1412,688015,交控科技
1413,688005,容百科技
1414,605319,无锡振华
1415,605303,园林股份
1416,605090,九丰能源
1417,605056,咸亨国际
1418,603996,退市中新
1419,603976,正川股份
1420,603926,铁流股份
1421,603866,桃李面包
1422,603843,正平股份
1423,603810,丰山集团
1424,603665,康隆达
1425,603603,退市博天
1426,603555,ST贵人
1427,603386,骏亚科技
1428,603360,百傲化学
1429,603359,东珠生态
1430,603348,文灿股份
1431,603217,元利科技
1432,603157,退市拉夏
1433,603133,退市碳元
1434,603132,金徽股份
1435,603085,天成自控
1436,603080,新疆火炬
1437,603079,圣达生物
1438,603071,物产环能
1439,603029,天鹅股份
1440,603013,亚普股份
1441,601992,金隅集团
1442,601989,中国重工
1443,601968,宝钢包装
1444,601918,新集能源
1445,601908,京运通
1446,601901,方正证券
1447,601702,华峰铝业
1448,601677,明泰铝业
1449,601558,退市锐电
1450,601377,兴业证券
1451,601299,中国北车
1452,601268,*ST二重
1453,601258,*ST庞大
1454,601228,广州港
1455,601226,华电科工
1456,601212,白银有色
1457,601200,上海环境
1458,601162,天风证券
1459,601107,四川成渝
1460,601015,陕西黑猫
1461,601005,重庆钢铁
1462,601003,柳钢股份
1463,600991,广汽长丰
1464,600983,惠而浦
1465,600978,*ST宜生
1466,600967,内蒙一机
1467,600960,渤海汽车
1468,600935,华塑股份
1469,600909,华安证券
1470,600899,*ST信联
1471,600898,*ST美讯
1472,600896,退市海医
1473,600891,退市秋林
1474,600890,退市中房
1475,600884,杉杉股份
1476,600878,*ST北科
1477,600870,退市厦华
1478,600869,远东股份
1479,600864,哈投股份
1480,600856,退市中天
1481,600852,*ST中川
1482,600849,上药转换
1483,600842,中西药业
1484,600840,新湖创业
1485,600836,*ST易连
1486,600834,申通地铁
1487,600832,东方明珠
1488,600823,*ST世茂
1489,600819,耀皮玻璃
1490,600816,建元信托
1491,600813,ST鞍一工
1492,600808,马钢股份
1493,600806,退市昆机
1494,600799,*ST龙科
1495,600788,*ST达曼
1496,600786,东方锅炉
1497,600781,退市辅仁
1498,600772,S*ST龙昌
1499,600767,退市运盛
1500,600766,退市园城
1501,600762,S*ST金荔
1502,600752,*ST哈慈
1503,600747,退市大控
1504,600744,华银电力
1505,600726,华电能源
1506,600724,宁波富达
1507,600723,首商股份
1508,600709,ST生态
1509,600708,光明地产
1510,600705,中航产融
1511,600701,退市工新
1512,600700,*ST数码
1513,600698,湖南天雁
1514,600695,退市绿庭
1515,600687,退市刚泰
1516,600680,*ST上普
1517,600677,*ST航通
1518,600672,*ST华圣
1519,600670,*ST斯达
1520,600669,*ST鞍成
1521,600666,奥瑞德
1522,600659,*ST花雕
1523,600656,退市博元
1524,600652,退市游久
1525,600648,外高桥
1526,600647,退市同达
1527,600646,ST国嘉
1528,600639,浦东金桥
1529,600634,退市富控
1530,600632,华联商厦
1531,600631,百联股份
1532,600627,上电股份
1533,600625,PT水仙
1534,600618,氯碱化工
1535,600614,退市鹏起
1536,600607,上实医药
1537,600606,绿地控股
1538,600591,*ST上航
1539,600583,海油工程
1540,600571,信雅达
1541,600569,安阳钢铁
1542,600567,山鹰国际
1543,600565,ST迪马
1544,600555,退市海创
1545,600553,太行水泥
1546,600532,退市未来
1547,600515,海南机场
1548,600485,*ST信威
1549,600479,千金药业
1550,600477,杭萧钢构
1551,600472,包头铝业
1552,600466,*ST蓝光
1553,600433,冠豪高新
1554,600432,退市吉恩
1555,600408,安泰集团
1556,600401,退市海润
1557,600393,ST粤泰
1558,600385,退市金泰
1559,600375,*ST汉马
1560,600357,承德钒钛
1561,600343,航天动力
1562,600340,华夏幸福
1563,600337,美克家居
1564,600321,正源股份
1565,600317,营口港
1566,600311,*ST荣华
1567,600306,退市商城
1568,600297,广汇汽车
1569,600296,S兰铝
1570,600291,退市西水
1571,600290,*ST华仪
1572,600286,S*ST国瓷
1573,600285,羚锐制药
1574,600279,重庆港
1575,600278,XD东方创
1576,600277,ST亿利
1577,600275,退市昌鱼
1578,600273,嘉化能源
1579,600270,外运发展
1580,600263,路桥建设
1581,600260,*ST凯乐
1582,600255,鑫科材料
1583,600253,天方药业
1584,600247,*ST成城
1585,600242,退市中昌
1586,600240,退市华业
1587,600239,云南城投
1588,600231,凌钢股份
1589,600227,赤天化
1590,600220,ST阳光
1591,600213,*ST亚星
1592,600209,退市罗顿
1593,600208,衢州发展
1594,600205,S山东铝
1595,600192,长城电工
1596,600181,S*ST云大
1597,600179,安通控股
1598,600175,退市美都
1599,600146,退市环球
1600,600145,退市新亿
1601,600139,*ST西源
1602,600129,太极集团
1603,600122,*ST宏图
1604,600112,*ST天成
1605,600105,永鼎股份
1606,600102,莱钢股份
1607,600098,广州发展
1608,600096,云天化
1609,600093,退市易见
1610,600092,S*ST精密
1611,600091,退市明科
1612,600090,退市济堂
1613,600087,退市长油
1614,600086,退市金钰
1615,600077,*ST宋都
1616,600074,退市保千
1617,600069,退市银鸽
1618,600068,葛洲坝
1619,600065,*ST联谊
1620,600061,国投资本
1621,600010,包钢股份
1622,600005,武钢股份
1623,600003,ST东北高
1624,600002,齐鲁石化
1625,600001,邯郸钢铁
1626,688535,华海诚科
1627,603529,爱玛科技
1628,603688,石英股份
1629,603228,景旺电子
1630,603486,科沃斯
1631,600771,广誉远
1632,600036,招商银行
1633,603960,克来机电
1634,603368,柳药集团
1635,600645,中源协和
1636,688690,纳微科技
1637,688262,国芯科技
1638,605288,凯迪股份
1639,603358,华达科技
1640,601211,国泰君安
1641,603197,保隆科技
1642,600605,汇通能源
1643,600699,均胜电子
1644,603211,晋拓股份
1645,688099,晶晨股份
1646,600389,江山股份
1647,601688,华泰证券
1648,603456,九洲药业
1649,603078,江化微
1650,600621,华鑫股份
1651,600406,国电南瑞
1652,603567,珍宝岛
1653,601881,中国银河
1654,600056,中国医药
1655,600877,电科芯片
1656,600309,万华化学
1657,600230,沧州大化
1658,688668,鼎通科技
1659,603291,联合水务
1660,603026,石大胜华
1661,600452,涪陵电力
1662,601606,长城军工
1663,688173,希荻微
1664,603519,立霸股份
1665,603052,可川科技
1666,600848,上海临港
1667,603005,晶方科技
1668,600872,中炬高新
1669,688626,翔宇医疗
1670,688520,神州细胞-U
1671,600549,厦门钨业
1672,688488,艾迪药业
1673,600597,光明乳业
1674,603061,金海通
1675,603213,镇洋发展
1676,600999,招商证券
1677,600990,四创电子
1678,688233,神工股份
1679,601156,东航物流
1680,601788,光大证券
1681,600879,航天电子
1682,603227,雪峰科技
1683,688496,清越科技
1684,600501,航天晨光
1685,600007,中国国贸
1686,603936,博敏电子
1687,600236,桂冠电力
1688,688512,慧智微-U
1689,688584,上海合晶
1690,603393,新天然气
1691,688552,航天南湖
1692,603517,绝味食品
1693,600030,中信证券
1694,688066,航天宏图
1695,600746,江苏索普
1696,688525,佰维存储
1697,600155,华创云信
1698,600918,中泰证券
1699,600398,海澜之家
1700,688184,帕瓦股份
1701,603439,贵州三力
1702,601330,绿色动力
1703,600428,中远海特
1704,688639,华恒生物
1705,603095,越剑智能
1706,688220,翱捷科技-U
1707,603899,晨光股份
1708,600821,金开新能
1709,603583,捷昌驱动
1710,600151,航天机电
1711,603007,*ST花王
1712,600345,长江通信
1713,603922,金鸿顺
1714,688135,利扬芯片
1715,603859,能科科技
1716,603187,海容冷链
1717,603339,四方科技
1718,600312,平高电气
1719,688432,有研硅
1720,600993,马应龙
1721,600004,白云机场
1722,688767,博拓生物
1723,603220,中贝通信
1724,603300,海南华铁
1725,603823,百合花
1726,600276,恒瑞医药
1727,600855,航天长峰
1728,605337,李子园
1729,603373,安邦护卫
1730,600521,华海药业
1731,600736,苏州高新
1732,600390,五矿资本
1733,600295,鄂尔多斯
1734,603276,恒兴新材
1735,688700,东威科技
1736,603345,安井食品
1737,603893,瑞芯微
1738,601777,力帆科技
1739,600854,春兰股份
1740,688378,奥来德
1741,688068,热景生物
1742,603366,日出东方
1743,603025,大豪科技
1744,601990,南京证券
1745,601700,风范股份
1746,600320,振华重工
1747,600600,青岛啤酒
1748,600775,南京熊猫
1749,603508,思维列控
1750,603929,亚翔集成
1751,600054,黄山旅游
1752,600299,安迪苏
1753,603337,杰克股份
1754,688302,海创药业-U
1755,600016,民生银行
1756,603809,豪能股份
1757,688035,德邦科技
1758,600248,陕建股份
1759,605058,澳弘电子
1760,600604,市北高新
1761,600558,大西洋
1762,603158,腾龙股份
1763,603658,安图生物
1764,601958,金钼股份
1765,600676,交运股份
1766,600756,浪潮软件
1767,600791,京能置业
1768,603630,拉芳家化
1769,601208,东材科技
1770,600903,贵州燃气
1771,600449,宁夏建材
1772,603136,天目湖
1773,688331,荣昌生物
1774,600329,达仁堂
1775,600997,开滦股份
1776,603939,益丰药房
1777,600223,福瑞达
1778,600882,妙可蓝多
1779,600615,丰华股份
1780,600794,保税科技
1781,600658,电子城
1782,603773,沃格光电
1783,601519,大智慧
1784,688106,金宏气体
1785,600211,西藏药业
1786,688132,邦彦技术
1787,603917,合力科技
1788,600688,上海石化
1789,603995,甬金股份
1790,605266,健之佳
1791,603100,川仪股份
1792,600655,豫园股份
1793,600807,济高发展
1794,603937,丽岛新材
1795,603815,交建股份
1796,600530,交大昂立
1797,603303,得邦照明
1798,601399,国机重装
1799,600409,三友化工
1800,600716,凤凰股份
1801,603986,兆易创新
1802,688207,格灵深瞳
1803,603369,今世缘
1804,601000,唐山港
1805,605499,东鹏饮料
1806,603822,嘉澳环保
1807,600599,ST熊猫
1808,600675,中华企业
1809,603299,苏盐井神
1810,600050,中国联通
1811,600812,华北制药
1812,600596,新安股份
1813,600748,上实发展
1814,603296,华勤技术
1815,688657,浩辰软件
1816,603588,高能环境
1817,600589,大位科技
1818,688592,司南导航
1819,688401,路维光电
1820,603699,纽威股份
1821,601579,会稽山
1822,601600,XD中国铝
1823,600269,赣粤高速
1824,600984,建设机械
1825,600759,洲际油气
1826,600787,中储股份
1827,688016,心脉医疗
1828,600717,天津港
1829,600252,中恒集团
1830,601512,中新集团
1831,601598,中国外运
1832,601828,美凯龙
1833,601225,陕西煤业
1834,688693,锴威特
1835,688601,力芯微
1836,601868,中国能建
1837,603027,千禾味业
1838,600511,国药股份
1839,688360,德马科技
1840,688110,东芯股份
1841,603324,盛剑科技
1842,601919,中远海控
1843,688536,思瑞浦
1844,603889,新澳股份
1845,688599,天合光能
1846,688398,赛特新材
1847,688665,四方光电
1848,688720,艾森股份
1849,600380,健康元
1850,605089,味知香
1851,688062,迈威生物-U
1852,688357,建龙微纳
1853,600468,百利电气
1854,688101,三达膜
1855,601319,中国人保
1856,603551,奥普科技
1857,600573,惠泉啤酒
1858,688127,蓝特光学
1859,600871,石化油服
1860,600258,首旅酒店
1861,603030,全筑股份
1862,603836,海程邦达
1863,600315,上海家化
1864,600740,山西焦化
1865,600009,上海机场
1866,688549,中巨芯-U
1867,688057,金达莱
1868,603898,好莱客
1869,601018,宁波港
1870,688363,华熙生物
1871,600268,国电南自
1872,600067,冠城新材
1873,688063,派能科技
1874,605300,佳禾食品
1875,688012,中微公司
1876,600361,创新新材
1877,600961,株冶集团
1878,600368,五洲交通
1879,601163,三角轮胎
1880,600929,雪天盐业
1881,688290,景业智能
1882,603733,仙鹤股份
1883,603959,ST百利
1884,600533,栖霞建设
1885,601009,南京银行
1886,601008,连云港
1887,600874,创业环保
1888,601011,宝泰隆
1889,601089,福元医药
1890,603496,恒为科技
1891,688050,爱博医疗
1892,600958,东方证券
1893,688246,嘉和美康
1894,600919,江苏银行
1895,601628,中国人寿
1896,601398,工商银行
1897,603261,立航科技
1898,688100,威胜信息
1899,600893,航发动力
1900,603871,嘉友国际
1901,600622,光大嘉宝
1902,601336,新华保险
1903,601198,东兴证券
1904,601618,中国中冶
1905,601665,齐鲁银行
1906,600889,南京化纤
1907,603703,盛洋科技
1908,600308,华泰股份
1909,600649,城投控股
1910,688318,财富趋势
1911,601611,中国核建
1912,603933,睿能科技
1913,603528,多伦科技
1914,605117,德业股份
1915,600745,闻泰科技
1916,601188,龙江交通
1917,600635,大众公用
1918,603313,梦百合
1919,600000,浦发银行
1920,600933,爱柯迪
1921,601012,隆基绿能
1922,600755,厦门国贸
1923,603160,汇顶科技
1924,601166,兴业银行
1925,601088,中国神华
1926,605011,杭州热电
1927,688244,永信至诚
1928,688382,益方生物-U
1929,688006,杭可科技
1930,603327,福蓉科技
1931,600176,中国巨石
1932,603886,元祖股份
1933,600527,江南高纤
1934,688575,亚辉龙
1935,688385,复旦微电
1936,688648,中邮科技
1937,688369,致远互联
1938,601006,大秦铁路
1939,603890,春秋电子
1940,600798,宁波海运
1941,688196,卓越新能
1942,689009,九号公司-WD
1943,603786,科博达
1944,601068,中铝国际
1945,600971,恒源煤电
1946,601128,常熟银行
1947,600325,华发股份
1948,688283,坤恒顺维
1949,601997,贵阳银行
1950,603171,税友股份
1951,601588,北辰实业
1952,600162,香江控股
1953,603081,大丰实业
1954,600867,通化东宝
1955,603860,中公高科
1956,600732,爱旭股份
1957,601229,上海银行
1958,688676,金盘科技
1959,688041,海光信息
1960,600581,八一钢铁
1961,601231,环旭电子
1962,688253,英诺特
1963,605183,确成股份
1964,600707,彩虹股份
1965,600079,人福医药
1966,600115,中国东航
1967,601288,农业银行
1968,688139,海尔生物
1969,603181,皇马科技
1970,603900,莱绅通灵
1971,603877,太平鸟
1972,601158,重庆水务
1973,600246,万通发展
1974,688418,震有科技
1975,601238,广汽集团
1976,688279,峰岹科技
1977,600926,杭州银行
1978,603997,继峰股份
1979,688020,方邦股份
1980,600350,山东高速
1981,605376,博迁新材
1982,688157,松井股份
1983,603037,凯众股份
1984,601963,重庆银行
1985,600153,建发股份
1986,600498,烽火通信
1987,600307,酒钢宏兴
1988,688656,浩欧博
1989,600420,国药现代
1990,688317,之江生物
1991,600743,华远地产
1992,688143,长盈通
1993,688237,超卓航科
1994,603083,剑桥科技
1995,688293,奥浦迈
1996,600064,南京高科
1997,601117,中国化学
1998,600423,柳化股份
1999,603357,设计总院
2000,688348,昱能科技
2001,688276,百克生物
2002,603189,网达软件
2003,601169,北京银行
2004,605333,沪光股份
2005,603779,威龙股份
2006,600157,永泰能源
2007,600663,陆家嘴
2008,600835,上海机电
2009,688117,圣诺生物
2010,600654,中安科
2011,688683,莱尔科技
2012,600690,海尔智家
2013,600160,巨化股份
2014,601101,昊华能源
2015,603195,公牛集团
2016,600035,楚天高速
2017,603882,金域医学
2018,601601,中国太保
2019,603087,甘李药业
2020,603801,志邦家居
2021,688009,中国通号
2022,600395,盘江股份
2023,688048,长光华芯
2024,603599,广信股份
2025,603192,汇得科技
2026,601388,怡球资源
2027,688548,广钢气体
2028,600117,西宁特钢
2029,600078,澄星股份
2030,603128,华贸物流
2031,688368,晶丰明源
2032,600178,东安动力
2033,601988,中国银行
2034,600170,上海建工
2035,688271,联影医疗
2036,603290,斯达半导
2037,600019,宝钢股份
2038,603035,常熟汽饰
2039,688522,纳睿雷达
2040,603066,音飞储存
2041,600528,中铁工业
2042,600512,腾达建设
2043,600159,大龙地产
2044,600536,中国软件
2045,688590,新致软件
2046,600956,新天绿能
2047,600057,厦门象屿
2048,601898,中煤能源
2049,600897,厦门空港
2050,605289,罗曼股份
2051,688327,云从科技-UW
2052,600226,亨通股份
2053,600894,广日股份
2054,600029,南方航空
2055,600519,贵州茅台
2056,603811,诚意药业
2057,601179,中国西电
2058,600566,济川药业
2059,600387,*ST海越
2060,603712,七一二
2061,688695,中创股份
2062,688231,隆达股份
2063,605009,豪悦护理
2064,601916,浙商银行
2065,603895,天永智能
2066,688213,思特威-W
2067,603178,圣龙股份
2068,601699,潞安环能
2069,600989,宝丰能源
2070,688347,华虹公司
2071,600028,中国石化
2072,601038,一拖股份
2073,603391,力聚热能
2074,603879,ST永悦
2075,601328,交通银行
2076,688696,极米科技
2077,603200,上海洗霸
2078,603602,纵横通信
2079,603739,蔚蓝生物
2080,603325,博隆技术
2081,603380,易德龙
2082,600261,阳光照明
2083,600048,保利发展
2084,601111,中国国航
2085,600741,华域汽车
2086,601860,紫金银行
2087,603288,海天味业
2088,600686,金龙汽车
2089,605003,众望布艺
2090,601326,秦港股份
2091,601069,西部黄金
2092,688298,东方生物
2093,601939,建设银行
2094,600502,安徽建工
2095,601872,招商轮船
2096,600754,锦江酒店
2097,601799,星宇股份
2098,600272,开开实业
2099,603356,华菱精工
2100,600039,四川路桥
2101,688185,康希诺
2102,600257,大湖股份
2103,688578,艾力斯
2104,603499,翔港科技
2105,600742,一汽富维
2106,600303,ST曙光
2107,688776,国光电气
2108,601818,光大银行
2109,600988,赤峰黄金
2110,600339,中油工程
2111,600101,明星电力
2112,600015,华夏银行
2113,600750,江中药业
2114,603051,鹿山新材
2115,603535,嘉诚国际
2116,600167,XD联美控
2117,688136,科兴制药
2118,600905,三峡能源
2119,600577,精达股份
2120,600860,京城股份
2121,600853,龙建股份
2122,601168,西部矿业
2123,601568,北元集团
2124,688466,金科环境
2125,688506,百利天恒-U
2126,603387,基蛋生物
2127,600284,浦东建设
2128,601658,邮储银行
2129,605018,长华集团
2130,603668,天马科技
2131,688429,时创能源
2132,600125,铁龙物流
2133,600262,北方股份
2134,605287,德才股份
2135,603619,中曼石油
2136,601577,长沙银行
2137,603848,好太太
2138,601816,京沪高铁
2139,600839,四川长虹
2140,688425,铁建重工
2141,601900,南方传媒
2142,600865,百大集团
2143,601058,赛轮轮胎
2144,600796,钱江生化
2145,600422,昆药集团
2146,688570,天玛智控
2147,603323,苏农银行
2148,603028,赛福天
2149,603993,洛阳钼业
2150,600136,ST明诚
2151,688778,厦钨新能
2152,603885,吉祥航空
2153,603559,*ST通脉
2154,603689,皖天然气
2155,688278,特宝生物
2156,688568,中科星图
2157,600376,首开股份
2158,603568,伟明环保
2159,601998,中信银行
2160,688582,芯动联科
2161,601857,中国石油
2162,688037,芯源微
2163,600545,卓郎智能
2164,603505,金石资源
2165,688410,山外山
2166,603716,塞力医疗
2167,688428,诺诚健华-U
2168,603778,国晟科技
2169,601077,渝农商行
2170,603336,宏辉果蔬
2171,688612,威迈斯
2172,603878,武进不锈
2173,603887,城地香江
2174,688627,精智达
2175,601899,紫金矿业
2176,603032,德新科技
2177,603125,常青科技
2178,600038,中直股份
2179,601021,春秋航空
2180,603963,*ST大药
2181,603816,顾家家居
2182,601728,中国电信
2183,600461,洪城环境
2184,688553,汇宇制药-W
2185,600322,津投城开
2186,605198,安德利
2187,688256,寒武纪-U
2188,600397,安源煤业
2189,600177,雅戈尔
2190,603056,德邦股份
2191,600575,淮河能源
2192,601668,中国建筑
2193,688478,晶升股份
2194,601969,海南矿业
2195,600104,上汽集团
2196,600761,安徽合力
2197,601187,厦门银行
2198,601965,中国汽研
2199,605081,太和水
2200,601636,旗滨集团
2201,688613,奥精医疗
2202,688266,泽璟制药-U
2203,600749,西藏旅游
2204,688390,固德威
2205,600887,伊利股份
2206,601186,中国铁建
2207,688091,上海谊众
2208,603101,汇嘉时代
2209,603389,亚振家居
2210,601766,中国中车
2211,688156,路德环境
2212,605598,上海港湾
2213,600779,水井坊
2214,601633,长城汽车
2215,603444,吉比特
2216,688631,莱斯信息
2217,600939,重庆建工
2218,603099,长白山
2219,688498,源杰科技
2220,603676,卫信康
2221,600843,上工申贝
2222,600133,东湖高新
2223,688389,普门科技
2224,688111,金山办公
2225,600006,东风股份
2226,600199,金种子酒
2227,600928,西安银行
2228,603270,金帝股份
2229,603050,科林电气
2230,600161,天坛生物
2231,605178,时空科技
2232,688722,同益中
2233,600481,双良节能
2234,600221,海航控股
2235,600362,江西铜业
2236,601199,江南水务
2237,603919,金徽酒
2238,601607,上海医药
2239,603711,香飘飘
2240,605186,健麾信息
2241,688180,君实生物-U
2242,603737,三棵树
2243,600336,澳柯玛
2244,600489,中金黄金
2245,688499,利元亨
2246,600026,中远海能
2247,603198,迎驾贡酒
2248,600266,城建发展
2249,600908,无锡银行
2250,601800,中国交建
2251,603628,清源股份
2252,603338,浙江鼎力
2253,603283,赛腾股份
2254,603055,台华新材
2255,600702,舍得酒业
2256,603021,山东华鹏
2257,688090,瑞松科技
2258,601838,成都银行
2259,600197,伊力特
2260,603378,亚士创能
2261,600817,宇通重工
2262,603383,顶点软件
2263,688539,高华科技
2264,688608,恒玄科技
2265,601528,瑞丰银行
2266,688008,澜起科技
2267,601669,中国电建
2268,603998,方盛制药
2269,603580,艾艾精工
2270,688259,创耀科技
2271,688651,盛邦安全
2272,603916,苏博特
2273,688212,澳华内镜
2274,600182,S佳通
2275,603600,永艺股份
2276,688326,经纬恒润-W
2277,688351,微电生理-U
2278,605277,新亚电子
2279,603321,梅轮电梯
2280,600425,青松建化
2281,688007,光峰科技
2282,600323,瀚蓝环境
2283,688055,龙腾光电
2284,603367,辰欣药业
2285,600789,鲁抗医药
2286,603209,兴通股份
2287,600131,国网信通
2288,600547,山东黄金
2289,600657,信达地产
2290,600585,海螺水泥
2291,601390,中国中铁
2292,600970,中材国际
2293,688295,中复神鹰
2294,603565,中谷物流
2295,603589,口子窖
2296,603967,中创物流
2297,688265,南模生物
2298,688717,艾罗能源
2299,600885,宏发股份
2300,688258,卓易信息
2301,600066,宇通客车
2302,603059,倍加洁
2303,600720,中交设计
2304,603221,爱丽家居
2305,688085,三友医疗
2306,600185,格力地产
2307,603515,欧普照明
2308,600383,金地集团
2309,688129,东来技术
2310,688507,索辰科技
2311,600721,百花医药
2312,600163,中闽能源
2313,603017,中衡设计
2314,601827,三峰环境
2315,600463,空港股份
2316,600892,大晟文化
2317,688426,康为世纪
2318,600801,华新水泥
2319,600696,岩石股份
2320,600827,百联股份
2321,600084,中信尼雅
2322,603008,喜临门
2323,603118,共进股份
2324,600421,华嵘控股
2325,600559,老白干酒
2326,600114,东睦股份
2327,603833,欧派家居
2328,688232,新点软件
2329,600234,*ST科新
2330,688433,华曙高科
2331,601789,宁波建工
2332,603590,康辰药业
2333,600053,九鼎投资
2334,600769,祥龙电业
2335,688702,盛科通信-U
2336,688032,禾迈股份
2337,600419,天润乳业
2338,603308,应流股份
2339,603663,三祥新材
2340,688076,诺泰生物
2341,688187,时代电气
2342,603979,金诚信
2343,600719,大连热电
2344,600187,国中水务
2345,603579,荣泰健康
2346,600372,中航机载
2347,603176,汇通集团
2348,603156,养元饮品
2349,603196,日播时尚
2350,688443,智翔金泰-U
2351,603896,寿仙谷
2352,600820,隧道股份
2353,600326,西藏天路
2354,603003,*ST龙宇
2355,603122,合富中国
2356,600070,*ST富润
2357,600552,凯盛科技
2358,600733,北汽蓝谷
2359,603868,飞科电器
2360,688036,传音控股
2361,603909,建发合诚
2362,601127,赛力斯
2363,688047,龙芯中科
2364,600491,龙元建设
2365,600809,山西汾酒
2366,688609,九联科技
2367,605566,福莱蒽特
2368,600846,同济科技
2369,603458,勘设股份
2370,688166,博瑞医药
2371,688629,华丰科技
2372,600629,华建集团
2373,600418,江淮汽车
2374,600650,锦江在线
2375,603230,内蒙新华
2376,603365,水星家纺
2377,601566,九牧王
2378,603826,坤彩科技
2379,688670,金迪克
2380,603153,上海建科
2381,603183,建研院
2382,603693,江苏新能
2383,603207,小方制药
2384,301586,佳力奇
2385,301011,华立科技
2386,301571,国科天成
2387,301138,华研精机
2388,300562,乐心医疗
2389,300817,双飞集团
2390,300816,艾可蓝
2391,300310,宜通世纪
2392,300328,宜安科技
2393,300365,恒华科技
2394,300150,世纪瑞尔
2395,002607,中公教育
2396,002345,潮宏基
2397,000633,合金投资
2398,301196,唯科科技
2399,002489,浙江永强
2400,000759,中百集团
2401,002861,瀛通通讯
2402,002428,云南锗业
2403,002933,新兴装备
2404,002312,川发龙蟒
2405,002302,西部建设
2406,000913,钱江摩托
2407,001332,锡装股份
2408,000062,深圳华强
2409,002881,美格智能
2410,002681,奋达科技
2411,002514,宝馨科技
2412,002848,高斯贝尔
2413,300703,创源股份
2414,300840,酷特智能
2415,300686,智动力
2416,300022,吉峰科技
2417,301028,东亚机械
2418,300351,永贵电器
2419,002292,奥飞娱乐
2420,002277,友阿股份
2421,001287,中电港
2422,002149,西部材料
2423,300331,苏大维格
2424,301015,百洋医药
2425,300972,万辰集团
2426,002215,诺 普 信
2427,301382,蜂助手
2428,003015,日久光电
2429,301345,涛涛车业
2430,001360,南矿集团
2431,301498,乖宝宠物
2432,002823,凯中精密
2433,300563,神宇股份
2434,300184,力源信息
2435,002741,光华科技
2436,002597,金禾实业
2437,300853,申昊科技
2438,002539,云图控股
2439,300275,梅安森
2440,002246,北化股份
2441,300387,富邦股份
2442,301611,珂玛科技
2443,002605,姚记科技
2444,003038,鑫铂股份
2445,002179,中航光电
2446,000007,全新好
2447,300395,菲利华
2448,300759,康龙化成
2449,002164,宁波东力
2450,301128,强瑞技术
2451,301213,观想科技
2452,301262,海看股份
2453,002698,博实股份
2454,300957,贝泰妮
2455,300376,ST易事特
2456,000609,*ST中迪
2457,300875,捷强装备
2458,002586,*ST围海
2459,000506,*ST中润
2460,300674,宇信科技
2461,301383,天键股份
2462,000040,ST旭蓝
2463,000851,ST高鸿
2464,300182,捷成股份
2465,000908,*ST景峰
2466,002259,ST升达
2467,301026,浩通科技
2468,301031,中熔电气
2469,002336,*ST人乐
2470,002316,ST亚联
2471,002930,宏川智慧
2472,002052,*ST同洲
2473,300010,豆神教育
2474,300626,华瑞股份
2475,002124,ST天邦
2476,002808,ST恒久
2477,000151,中成股份
2478,301589,诺瓦星云
2479,301117,佳缘科技
2480,000818,航锦科技
2481,002167,东方锆业
2482,300870,欧陆通
2483,000070,ST特信
2484,301013,利和兴
2485,300227,光韵达
2486,300505,川金诺
2487,300992,泰福泵业
2488,300793,佳禾智能
2489,000058,深 赛 格
2490,300600,ST瑞科
2491,300016,北陆药业
2492,300784,利安科技
2493,300443,金雷股份
2494,301335,天元宠物
2495,300169,天晟新材
2496,002591,恒大高新
2497,300577,开润股份
2498,300648,星云股份
2499,002885,京泉华
2500,301349,信德新材
2501,002843,泰嘉股份
2502,300753,爱朋医疗
2503,301078,孩子王
2504,300828,锐新科技
2505,300866,安克创新
2506,301066,万事利
2507,001219,青岛食品
2508,300097,ST智云
2509,002528,ST英飞拓
2510,000962,东方钽业
2511,301001,凯淳股份
2512,300829,金丹科技
2513,002424,ST百灵
2514,300278,华昌达
2515,300344,立方数科
2516,002075,沙钢股份
2517,301353,普莱得
2518,002197,ST证通
2519,002369,卓翼科技
2520,300170,汉得信息
2521,301110,青木科技
2522,300211,亿通科技
2523,300535,达威股份
2524,301331,恩威医药
2525,300831,派瑞股份
2526,000719,中原传媒
2527,300220,金运激光
2528,300288,朗玛信息
2529,001202,炬申股份
2530,301118,恒光股份
2531,000592,平潭发展
2532,301315,威士顿
2533,300582,英飞特
2534,300950,德固特
2535,002819,东方中科
2536,002947,恒铭达
2537,301093,华兰股份
2538,300306,远方信息
2539,000501,武商集团
2540,002495,佳隆股份
2541,000999,华润三九
2542,301106,骏成科技
2543,300901,中胤时尚
2544,002645,华宏科技
2545,002524,光正眼科
2546,300845,捷安高科
2547,300338,*ST开元
2548,301002,崧盛股份
2549,002484,江海股份
2550,002858,力盛体育
2551,002449,国星光电
2552,300241,瑞丰光电
2553,002870,香山股份
2554,301307,美利信
2555,300360,炬华科技
2556,300256,星星科技
2557,300658,延江股份
2558,002953,日丰股份
2559,002009,天奇股份
2560,002486,嘉麟杰
2561,301077,星华新材
2562,000912,泸天化
2563,300752,隆利科技
2564,002096,易普力
2565,300364,中文在线
2566,002762,金发拉比
2567,301388,欣灵电气
2568,300606,金太阳
2569,002217,*ST合泰
2570,002025,航天电器
2571,002122,汇洲智能
2572,002114,罗平锌电
2573,000017,深中华A
2574,300673,佩蒂股份
2575,300004,南风股份
2576,300591,万里马
2577,301055,张小泉
2578,300883,龙利得
2579,300099,尤洛卡
2580,300567,精测电子
2581,300381,溢多利
2582,300421,力星股份
2583,300112,万讯自控
2584,300984,金沃股份
2585,002187,广百股份
2586,002683,广东宏大
2587,301603,乔锋智能
2588,300888,稳健医疗
2589,301057,汇隆新材
2590,301183,东田微
2591,002895,川恒股份
2592,002356,赫美集团
2593,002935,天奥电子
2594,300142,沃森生物
2595,002915,中欣氟材
2596,002214,大立科技
2597,300464,星徽股份
2598,002574,明牌珠宝
2599,002748,ST世龙
2600,000516,国际医学
2601,300838,浙江力诺
2602,002289,ST宇顺
2603,301160,翔楼新材
2604,301069,凯盛新材
2605,000797,中国武夷
2606,300489,光智科技
2607,002488,金固股份
2608,300584,海辰药业
2609,000796,凯撒旅业
2610,002451,摩恩电气
2611,300091,金通灵
2612,002527,新时达
2613,300509,新美星
2614,300013,*ST新宁
2615,301368,丰立智能
2616,002979,雷赛智能
2617,300141,和顺电气
2618,300409,道氏技术
2619,301279,金道科技
2620,002972,科安达
2621,301119,正强股份
2622,301025,读客文化
2623,300986,志特新材
2624,300547,川环科技
2625,002444,巨星科技
2626,002290,禾盛新材
2627,301027,华蓝集团
2628,301360,荣旗科技
2629,301256,华融化学
2630,300682,朗新集团
2631,002615,哈尔斯
2632,301291,明阳电气
2633,002878,元隆雅图
2634,301036,双乐股份
2635,300210,森远股份
2636,301137,哈焊华通
2637,301231,荣信文化
2638,000929,兰州黄河
2639,002249,大洋电机
2640,002050,三花智控
2641,000862,银星能源
2642,300233,金城医药
2643,300007,汉威科技
2644,301263,泰恩康
2645,300640,德艺文创
2646,002005,ST德豪
2647,301322,绿通科技
2648,002625,光启技术
2649,300543,朗科智能
2650,300945,曼卡龙
2651,300126,锐奇股份
2652,002991,甘源食品
2653,000045,深纺织Ａ
2654,003011,海象新材
2655,300279,和晶科技
2656,300192,科德教育
2657,002303,美盈森
2658,000679,大连友谊
2659,002416,爱施德
2660,301363,美好医疗
2661,000155,川能动力
2662,000564,供销大集
2663,300539,横河精密
2664,002891,中宠股份
2665,300143,盈康生命
2666,300246,宝莱特
2667,300124,汇川技术
2668,300253,卫宁健康
2669,000428,华天酒店
2670,002513,蓝丰生化
2671,300132,青松股份
2672,002337,赛象科技
2673,301161,唯万密封
2674,002992,宝明科技
2675,301116,益客食品
2676,301009,可靠股份
2677,000156,华数传媒
2678,002862,实丰文化
2679,002867,周大生
2680,301550,斯菱股份
2681,000692,惠天热电
2682,300292,吴通控股
2683,002099,海翔药业
2684,000955,欣龙控股
2685,002921,联诚精密
2686,301043,绿岛风
2687,002806,华锋股份
2688,301050,雷电微力
2689,002094,青岛金王
2690,002712,思美传媒
2691,300191,潜能恒信
2692,300056,中创环保
2693,301040,中环海陆
2694,301371,敷尔佳
2695,000607,华媒控股
2696,002581,未名医药
2697,002872,ST天圣
2698,002107,沃华医药
2699,300444,双杰电气
2700,002888,惠威科技
2701,300040,九洲集团
2702,000652,泰达股份
2703,002364,中恒电气
2704,301302,华如科技
2705,002765,蓝黛科技
2706,300699,光威复材
2707,301075,多瑞医药
2708,300877,金春股份
2709,300251,光线传媒
2710,001211,双枪科技
2711,002654,万润科技
2712,000815,美利云
2713,002343,慈文传媒
2714,300909,汇创达
2715,300203,聚光科技
2716,000638,万方发展
2717,002370,亚太药业
2718,300198,纳川股份
2719,002549,凯美特气
2720,002119,康强电子
2721,001299,美能能源
2722,002572,索菲亚
2723,301293,三博脑科
2724,002838,道恩股份
2725,002718,友邦吊顶
2726,300030,阳普医疗
2727,300347,泰格医药
2728,002622,皓宸医疗
2729,301367,怡和嘉业
2730,300614,百川畅银
2731,300403,汉宇集团
2732,002349,精华制药
2733,300407,凯发电气
2734,000650,仁和药业
2735,000407,胜利股份
2736,300217,东方电热
2737,301413,安培龙
2738,301113,雅艺科技
2739,301045,天禄科技
2740,301018,申菱环境
2741,003010,若羽臣
2742,300440,运达科技
2743,002223,鱼跃医疗
2744,300765,新诺威
2745,300195,长荣股份
2746,003036,泰坦股份
2747,002617,露笑科技
2748,002474,榕基软件
2749,000768,中航西飞
2750,002238,天威视讯
2751,002378,章源钨业
2752,002836,新宏泽
2753,301606,绿联科技
2754,002688,金河生物
2755,002729,好利科技
2756,301381,赛维时代
2757,300820,英杰电气
2758,301525,儒竞科技
2759,002853,皮阿诺
2760,300701,森霸传感
2761,301107,瑜欣电子
2762,300920,润阳科技
2763,002842,翔鹭钨业
2764,300876,蒙泰高新
2765,002694,顾地科技
2766,002437,誉衡药业
2767,300604,长川科技
2768,002570,贝因美
2769,002905,金逸影视
2770,000863,三湘印象
2771,301155,海力风电
2772,300341,麦克奥迪
2773,002210,飞马国际
2774,301032,新柴股份
2775,300497,富祥药业
2776,300476,胜宏科技
2777,301393,昊帆生物
2778,002782,可立克
2779,002494,华斯股份
2780,301392,汇成真空
2781,001322,箭牌家居
2782,301180,万祥科技
2783,002397,梦洁股份
2784,300128,锦富技术
2785,301053,远信工业
2786,300380,安硕信息
2787,002686,亿利达
2788,000659,珠海中富
2789,301206,三元生物
2790,300716,泉为科技
2791,300283,温州宏丰
2792,001226,拓山重工
2793,002536,飞龙股份
2794,002144,宏达高科
2795,300212,易华录
2796,002777,久远银海
2797,001373,翔腾新材
2798,300503,昊志机电
2799,300955,嘉亨家化
2800,001267,汇绿生态
2801,002243,力合科创
2802,301502,华阳智能
2803,001222,源飞宠物
2804,002105,信隆健康
2805,002202,金风科技
2806,300280,紫天科技
2807,002666,德联集团
2808,300772,运达股份
2809,300688,创业黑马
2810,300657,弘信电子
2811,301099,雅创电子
2812,001368,通达创智
2813,001331,胜通能源
2814,000586,汇源通信
2815,300337,银邦股份
2816,300321,同大股份
2817,002041,登海种业
2818,300841,康华生物
2819,300153,科泰电源
2820,300727,润禾材料
2821,300133,华策影视
2822,301003,江苏博云
2823,301017,漱玉平民
2824,002803,吉宏股份
2825,301296,新巨丰
2826,300789,唐源电气
2827,301566,达利凯普
2828,300226,上海钢联
2829,002327,富安娜
2830,002971,和远气体
2831,002206,海 利 得
2832,301348,蓝箭电子
2833,002669,康达新材
2834,300441,鲍斯股份
2835,002737,葵花药业
2836,002205,国统股份
2837,301109,军信股份
2838,002893,京能热力
2839,300213,佳讯飞鸿
2840,300749,顶固集创
2841,002136,安 纳 达
2842,300470,中密控股
2843,002717,岭南股份
2844,000591,太阳能
2845,002294,信立泰
2846,300052,中青宝
2847,002376,新北洋
2848,000034,神州数码
2849,002531,天顺风能
2850,300105,龙源技术
2851,300277,海联讯
2852,301552,科力装备
2853,002112,三变科技
2854,002442,龙星化工
2855,001379,腾达科技
2856,002660,茂硕电源
2857,002170,芭田股份
2858,000856,冀东装备
2859,002535,林州重机
2860,000655,金岭矿业
2861,300229,拓尔思
2862,001258,立新能源
2863,002227,奥 特 迅
2864,301006,迈拓股份
2865,300230,永利股份
2866,300743,天地数码
2867,300878,维康药业
2868,002366,融发核电
2869,300987,川网传媒
2870,300333,兆日科技
2871,000419,通程控股
2872,002696,百洋股份
2873,300017,网宿科技
2874,301310,鑫宏业
2875,300423,昇辉科技
2876,300677,英科医疗
2877,301298,东利机械
2878,301192,泰祥股份
2879,300448,浩云科技
2880,300873,海晨股份
2881,002653,海思科
2882,301049,超越科技
2883,301162,国能日新
2884,002909,集泰股份
2885,002731,萃华珠宝
2886,002409,雅克科技
2887,002554,惠博普
2888,000809,*ST和展
2889,300932,三友联众
2890,300837,浙矿股份
2891,301608,博实结
2892,002209,达 意 隆
2893,300856,科思股份
2894,002644,佛慈制药
2895,002830,名雕股份
2896,002738,中矿资源
2897,002890,弘宇股份
2898,300738,奥飞数据
2899,002825,纳尔股份
2900,300748,金力永磁
2901,000777,中核科技
2902,001296,长江材料
2903,300908,仲景食品
2904,002768,国恩股份
2905,300792,壹网壹创
2906,000019,深粮控股
2907,300485,赛升药业
2908,301309,万得凯
2909,300830,金现代
2910,301068,大地海洋
2911,300994,久祺股份
2912,002523,天桥起重
2913,002043,兔 宝 宝
2914,002753,永东股份
2915,301390,经纬股份
2916,300235,方直科技
2917,001231,农心科技
2918,002235,安妮股份
2919,301280,珠城科技
2920,300222,科大智能
2921,002427,尤夫股份
2922,001234,泰慕士
2923,300851,交大思诺
2924,301157,华塑科技
2925,300291,百纳千成
2926,300454,深信服
2927,003042,中农联合
2928,301131,聚赛龙
2929,300835,龙磁科技
2930,002293,罗莱生活
2931,301210,金杨股份
2932,002758,浙农股份
2933,300276,三丰智能
2934,000665,湖北广电
2935,301596,瑞迪智驱
2936,001336,楚环科技
2937,300414,中光防雷
2938,300855,图南股份
2939,301065,本立科技
2940,002631,德尔未来
2941,002685,华东重机
2942,000421,南京公用
2943,000903,云内动力
2944,301558,三态股份
2945,300326,凯利泰
2946,002184,海得控制
2947,300631,久吾高科
2948,300426,唐德影视
2949,000061,农 产 品
2950,002897,意华股份
2951,002589,瑞康医药
2952,300236,上海新阳
2953,002396,星网锐捷
2954,002927,泰永长征
2955,000656,*ST金科
2956,300821,东岳硅材
2957,301408,华人健康
2958,301235,华康医疗
2959,000565,渝三峡Ａ
2960,000422,湖北宜化
2961,300912,凯龙高科
2962,002769,普路通
2963,300691,联合光电
2964,300238,冠昊生物
2965,002820,桂发祥
2966,301076,新瀚新材
2967,000663,永安林业
2968,301152,天力锂能
2969,002291,遥望科技
2970,000626,远大控股
2971,000721,西安饮食
2972,301290,东星医疗
2973,002410,广联达
2974,002211,宏达新材
2975,300780,德恩精工
2976,300501,海顺新材
2977,001301,尚太科技
2978,000301,东方盛虹
2979,002538,司尔特
2980,300923,研奥股份
2981,002394,联发股份
2982,300165,ST天瑞
2983,002851,麦格米特
2984,301226,祥明智能
2985,002922,伊戈尔
2986,300684,中石科技
2987,301197,工大科雅
2988,300131,英唐智控
2989,300442,润泽科技
2990,002546,新联电子
2991,002551,尚荣医疗
2992,002558,巨人网络
2993,002679,福建金森
2994,300115,长盈精密
2995,301100,风光股份
2996,300660,江苏雷利
2997,301063,海锅股份
2998,301097,天益医疗
2999,300710,万隆光电
3000,002880,卫光生物
3001,301297,富乐德
3002,301428,世纪恒通
3003,300978,东箭科技
3004,300301,*ST长方
3005,002295,精艺股份
3006,000973,佛塑科技
3007,301469,恒达新材
3008,300819,聚杰微纤
3009,300031,宝通科技
3010,002585,双星新材
3011,301020,密封科技
3012,002961,瑞达期货
3013,002608,江苏国信
3014,301088,戎美股份
3015,300834,星辉环材
3016,002200,ST交投
3017,300993,玉马遮阳
3018,300271,华宇软件
3019,300496,中科创达
3020,300160,秀强股份
3021,002181,粤 传 媒
3022,300467,迅游科技
3023,002139,拓邦股份
3024,300707,威唐工业
3025,301288,清研环境
3026,000048,京基智农
3027,002578,闽发铝业
3028,300869,康泰医学
3029,002274,华昌化工
3030,002389,航天彩虹
3031,300366,创意信息
3032,300067,安诺其
3033,002907,华森制药
3034,002310,*ST东园
3035,300382,斯莱克
3036,001282,三联锻造
3037,300445,康斯特
3038,000892,欢瑞世纪
3039,301067,显盈科技
3040,003027,同兴科技
3041,002561,徐家汇
3042,300689,澄天伟业
3043,300435,中泰股份
3044,301511,德福科技
3045,300237,美晨科技
3046,002090,金智科技
3047,002332,仙琚制药
3048,300532,今天国际
3049,300020,*ST银江
3050,301229,纽泰格
3051,300096,ST易联众
3052,002857,三晖电气
3053,301336,趣睡科技
3054,000911,广农糖业
3055,001306,夏厦精密
3056,002866,传艺科技
3057,001300,三柏硕
3058,000983,山西焦煤
3059,002063,远光软件
3060,300513,恒实科技
3061,300893,松原股份
3062,300805,电声股份
3063,002733,雄韬股份
3064,002024,ST易购
3065,300425,中建环能
3066,300179,四方达
3067,300713,英可瑞
3068,000831,中国稀土
3069,300685,艾德生物
3070,300666,江丰电子
3071,300300,ST峡创
3072,300270,中威电子
3073,300197,节能铁汉
3074,002186,全 聚 德
3075,000757,浩物股份
3076,300138,晨光生物
3077,301052,果麦文化
3078,300015,爱尔眼科
3079,300242,佳云科技
3080,000875,吉电股份
3081,300946,恒而达
3082,002642,荣联科技
3083,002254,泰和新材
3084,300461,田中精机
3085,002434,万里扬
3086,300095,华伍股份
3087,002453,华软科技
3088,002826,易明医药
3089,002663,普邦股份
3090,000788,北大医药
3091,301126,达嘉维康
3092,301373,凌玮科技
3093,300721,怡达股份
3094,003017,大洋生物
3095,300290,荣科科技
3096,300514,友讯达
3097,002040,南 京 港
3098,300669,沪宁股份
3099,300429,强力新材
3100,300906,日月明
3101,002724,海洋王
3102,001239,永达股份
3103,000970,中科三环
3104,300879,大叶股份
3105,301103,何氏眼科
3106,301459,丰茂股份
3107,301151,冠龙节能
3108,002329,皇氏集团
3109,000790,华神科技
3110,000060,中金岭南
3111,002981,朝阳科技
3112,002534,西子洁能
3113,000838,财信发展
3114,002137,实益达
3115,002196,方正电机
3116,002169,智光电气
3117,300269,联建光电
3118,000538,云南白药
3119,300717,华信新材
3120,002600,领益智造
3121,300973,立高食品
3122,300903,科翔股份
3123,002269,美邦服饰
3124,000812,陕西金叶
3125,000752,ST西发
3126,000937,冀中能源
3127,002496,辉丰股份
3128,000597,东北制药
3129,000536,华映科技
3130,300525,博思软件
3131,002664,信质集团
3132,001268,联合精密
3133,300629,新劲刚
3134,300670,大烨智能
3135,002678,珠江钢琴
3136,002347,泰尔股份
3137,001896,豫能控股
3138,002540,亚太科技
3139,300255,常山药业
3140,002120,韵达股份
3141,000792,盐湖股份
3142,300343,联创股份
3143,300174,元力股份
3144,003019,宸展光电
3145,002130,沃尔核材
3146,300430,诚益通
3147,300420,五洋自控
3148,301135,瑞德智能
3149,000505,京粮控股
3150,300763,锦浪科技
3151,002439,启明星辰
3152,000952,广济药业
3153,002860,星帅尔
3154,002221,东华能源
3155,002510,天汽模
3156,002877,智能自控
3157,000528,柳    工
3158,300891,惠云钛业
3159,301362,民爆光电
3160,300048,合康新能
3161,300522,世名科技
3162,301062,上海艾录
3163,002516,旷达科技
3164,300287,飞利信
3165,000503,国新健康
3166,301468,博盈特焊
3167,300206,理邦仪器
3168,003022,联泓新科
3169,301276,嘉曼服饰
3170,002548,金新农
3171,000610,西安旅游
3172,000159,国际实业
3173,300921,南凌科技
3174,002348,高乐股份
3175,002917,金奥博
3176,300981,中红医疗
3177,301234,五洲医疗
3178,301222,浙江恒威
3179,300518,新迅达
3180,002522,浙江众成
3181,300798,锦鸡股份
3182,000524,岭南控股
3183,002633,申科股份
3184,000153,丰原药业
3185,002173,创新医疗
3186,300074,华平股份
3187,300521,爱司凯
3188,003028,振邦智能
3189,300239,东宝生物
3190,300953,震裕科技
3191,002431,棕榈股份
3192,300653,正海生物
3193,002101,广东鸿图
3194,002160,常铝股份
3195,300320,海达股份
3196,002125,湘潭电化
3197,002287,奇正藏药
3198,000593,德龙汇能
3199,300480,光力科技
3200,002346,柘中股份
3201,301102,兆讯传媒
3202,000639,西王食品
3203,300077,国民技术
3204,001314,亿道信息
3205,300054,鼎龙股份
3206,002778,中晟高科
3207,300549,优德精密
3208,300453,三鑫医疗
3209,003025,思进智能
3210,301358,湖南裕能
3211,001209,洪兴股份
3212,300550,和仁科技
3213,300553,集智股份
3214,301046,能辉科技
3215,300929,华骐环保
3216,000767,晋控电力
3217,300919,中伟股份
3218,000576,甘化科工
3219,300335,迪森股份
3220,301503,智迪科技
3221,300329,海伦钢琴
3222,300933,中辰股份
3223,002775,文科股份
3224,002400,省广集团
3225,002702,海欣食品
3226,002091,江苏国泰
3227,000859,国风新材
3228,000931,中 关 村
3229,002931,锋龙股份
3230,301022,海泰科
3231,000533,顺钠股份
3232,002940,昂利康
3233,300740,水羊股份
3234,300389,艾比森
3235,300062,中能电气
3236,002046,国机精工
3237,002077,大港股份
3238,300412,迦南科技
3239,002301,齐心集团
3240,002117,东港股份
3241,301260,格力博
3242,000917,电广传媒
3243,300813,泰林生物
3244,002385,大北农
3245,002801,微光股份
3246,000821,京山轻机
3247,300804,广康生化
3248,002565,顺灏股份
3249,300194,福安药业
3250,002156,通富微电
3251,002575,群兴玩具
3252,301255,通力科技
3253,301211,亨迪药业
3254,002500,山西证券
3255,002467,二六三
3256,001359,平安电工
3257,000026,飞亚达
3258,002706,良信股份
3259,001210,金房能源
3260,300117,*ST嘉寓
3261,301287,康力源
3262,300247,融捷健康
3263,001259,利仁科技
3264,301359,东南电子
3265,300959,线上线下
3266,300637,扬帆新材
3267,300084,海默科技
3268,000599,青岛双星
3269,001256,炜冈科技
3270,001366,播恩集团
3271,300224,正海磁材
3272,000890,法尔胜
3273,300315,掌趣科技
3274,002481,双塔食品
3275,002692,远程股份
3276,300092,科新机电
3277,300398,飞凯材料
3278,002632,道明光学
3279,000632,三木集团
3280,002414,高德红外
3281,000056,皇庭国际
3282,002401,中远海科
3283,300373,扬杰科技
3284,002102,能特科技
3285,300605,恒锋信息
3286,002006,精工科技
3287,301378,通达海
3288,300700,岱勒新材
3289,301325,曼恩斯特
3290,000635,英 力 特
3291,300422,博世科
3292,301041,金百泽
3293,300980,祥源新材
3294,002999,天禾股份
3295,301591,肯特股份
3296,300385,雪浪环境
3297,002360,同德化工
3298,300651,金陵体育
3299,003039,顺控发展
3300,002166,莱茵生物
3301,300785,值得买
3302,301588,美新科技
3303,002175,东方智造
3304,002111,威海广泰
3305,002990,盛视科技
3306,301261,恒工精密
3307,300166,东方国信
3308,002559,亚威股份
3309,002374,中锐股份
3310,002757,南兴股份
3311,000529,广弘控股
3312,301339,通行宝
3313,301061,匠心家居
3314,002286,保龄宝
3315,002278,神开股份
3316,002127,南极电商
3317,000523,红棉股份
3318,300990,同飞股份
3319,002095,生 意 宝
3320,002168,ST惠程
3321,300787,海能实业
3322,002996,顺博合金
3323,301380,挖金客
3324,300123,亚光科技
3325,002404,嘉欣丝绸
3326,002714,牧原股份
3327,002045,国光电器
3328,002020,京新药业
3329,300307,慈星股份
3330,002912,中新赛克
3331,002069,獐子岛
3332,002902,铭普光磁
3333,000559,万向钱潮
3334,300904,威力传动
3335,002817,黄山胶囊
3336,301193,家联科技
3337,300350,华鹏飞
3338,002381,双箭股份
3339,300193,佳士科技
3340,002802,洪汇新材
3341,001206,依依股份
3342,002730,电光科技
3343,001238,浙江正特
3344,301158,德石股份
3345,301156,美农生物
3346,002787,华源控股
3347,002987,京北方
3348,300756,金马游乐
3349,002053,云南能投
3350,300913,兆龙互连
3351,001313,粤海饲料
3352,002743,富煌钢构
3353,002520,日发精机
3354,300782,卓胜微
3355,300039,上海凯宝
3356,002847,盐津铺子
3357,001283,豪鹏科技
3358,000681,视觉中国
3359,002852,道道全
3360,002919,名臣健康
3361,300528,幸福蓝海
3362,300449,汉邦高科
3363,002251,ST步步高
3364,300559,佳发教育
3365,301283,聚胶股份
3366,002695,煌上煌
3367,002148,北纬科技
3368,300109,新开源
3369,000615,ST美谷
3370,002391,长青股份
3371,002747,埃斯顿
3372,002224,三 力 士
3373,002875,安奈儿
3374,002330,得利斯
3375,301548,崇德科技
3376,301187,欧圣电气
3377,300359,全通教育
3378,301319,唯特偶
3379,301446,福事特
3380,300248,新开普
3381,300508,维宏股份
3382,000039,中集集团
3383,300181,佐力药业
3384,300800,力合科技
3385,001278,一彬科技
3386,002079,苏州固锝
3387,300593,新雷能
3388,000600,建投能源
3389,002982,湘佳股份
3390,300265,通光线缆
3391,002183,怡 亚 通
3392,301209,联合化学
3393,300234,开尔新材
3394,300086,康芝药业
3395,000700,模塑科技
3396,300881,盛德鑫泰
3397,003030,祖名股份
3398,300114,中航电测
3399,301278,快可电子
3400,300072,海新能科
3401,002950,奥美医疗
3402,002371,北方华创
3403,300498,温氏股份
3404,301327,华宝新能
3405,300183,东软载波
3406,002759,天际股份
3407,000715,中兴商业
3408,300491,通合科技
3409,301035,润丰股份
3410,301185,鸥玛软件
3411,002138,顺络电子
3412,301125,腾亚精工
3413,300587,天铁股份
3414,300822,贝仕达克
3415,002313,日海智能
3416,000978,桂林旅游
3417,300493,润欣科技
3418,300352,北信源
3419,301386,未来电器
3420,301355,南王科技
3421,300504,天邑股份
3422,002407,多氟多
3423,300930,屹通新材
3424,002726,龙大美食
3425,300019,硅宝科技
3426,000025,特  力Ａ
3427,002735,王子新材
3428,301217,铜冠铜箔
3429,002582,好想你
3430,002571,德力股份
3431,002529,海源复材
3432,001328,登康口腔
3433,300154,瑞凌股份
3434,002715,登云股份
3435,002892,科力尔
3436,003035,南网能源
3437,000068,华控赛格
3438,000733,振华科技
3439,300597,吉大通信
3440,002487,大金重工
3441,301533,威马农机
3442,301230,泓博医药
3443,300601,康泰生物
3444,002598,山东章鼓
3445,002498,汉缆股份
3446,300286,安科瑞
3447,301071,力量钻石
3448,003002,壶化股份
3449,300569,天能重工
3450,000548,湖南投资
3451,001378,德冠新材
3452,002058,威尔泰
3453,001330,博纳影业
3454,300810,中科海讯
3455,301510,固高科技
3456,300037,新宙邦
3457,300402,宝色股份
3458,300044,赛为智能
3459,000966,长源电力
3460,002104,恒宝股份
3461,002984,森麒麟
3462,002323,雅博股份
3463,301042,安联锐视
3464,301170,锡南科技
3465,002978,安宁股份
3466,300324,旋极信息
3467,002491,通鼎互联
3468,000737,北方铜业
3469,301512,智信精密
3470,300596,利安隆
3471,002324,普利特
3472,001286,陕西能源
3473,000520,凤凰航运
3474,300938,信测标准
3475,002798,帝欧家居
3476,002896,中大力德
3477,002226,江南化工
3478,300890,翔丰华
3479,300071,福石控股
3480,300032,金龙机电
3481,002721,ST金一
3482,300223,北京君正
3483,002824,和胜股份
3484,300560,中富通
3485,300871,回盛生物
3486,002212,天融信
3487,000880,潍柴重机
3488,300622,博士眼镜
3489,301295,美硕科技
3490,300969,恒帅股份
3491,300963,中洲特材
3492,002612,朗姿股份
3493,002886,沃特股份
3494,001260,坤泰股份
3495,002335,科华数据
3496,300268,ST佳沃
3497,002100,天康生物
3498,002462,嘉事堂
3499,300173,福能东方
3500,300218,安利股份
3501,002658,雪迪龙
3502,300463,迈克生物
3503,300249,依米康
3504,002082,万邦德
3505,000553,安道麦A
3506,301272,英华特
3507,002028,思源电气
3508,001289,龙源电力
3509,002065,东华软件
3510,000803,山高环能
3511,000713,丰乐种业
3512,300775,三角防务
3513,300638,广和通
3514,301092,争光股份
3515,001266,宏英智能
3516,300985,致远新能
3517,002938,鹏鼎控股
3518,002231,奥维通信
3519,002134,天津普林
3520,301396,宏景科技
3521,301439,泓淋电力
3522,000791,甘肃能源
3523,300654,世纪天鸿
3524,301080,百普赛斯
3525,002672,东江环保
3526,002236,大华股份
3527,300129,泰胜风能
3528,002189,中光学
3529,000906,浙商中拓
3530,000839,中信国安
3531,300545,联得装备
3532,300607,拓斯达
3533,300724,捷佳伟创
3534,301195,北路智控
3535,002856,美芝股份
3536,002190,成飞集成
3537,000605,渤海股份
3538,002452,长高电新
3539,002284,亚太股份
3540,301538,骏鼎达
3541,300523,辰安科技
3542,002031,巨轮智能
3543,002725,跃岭股份
3544,000519,中兵红箭
3545,300902,国安达
3546,301072,中捷精工
3547,301277,新天地
3548,300176,鸿特科技
3549,002556,辉隆股份
3550,300043,星辉娱乐
3551,000882,华联股份
3552,000720,新能泰山
3553,300487,蓝晓科技
3554,002008,大族激光
3555,300254,仟源医药
3556,002899,英派斯
3557,002093,国脉科技
3558,000985,大庆华科
3559,002239,奥特佳
3560,300939,秋田微
3561,001218,丽臣实业
3562,001319,铭科精技
3563,000534,万泽股份
3564,300995,奇德新材
3565,002845,同兴达
3566,002599,盛通股份
3567,300065,海兰信
3568,301111,粤万年青
3569,000710,贝瑞基因
3570,002054,德美化工
3571,300305,裕兴股份
3572,300272,开能健康
3573,300848,美瑞新材
3574,002228,合兴包装
3575,300334,津膜科技
3576,000802,北京文化
3577,002868,绿康生化
3578,000793,华闻集团
3579,300733,西菱动力
3580,300948,冠中生态
3581,301377,鼎泰高科
3582,300481,濮阳惠成
3583,000410,沈阳机床
3584,301079,邵阳液压
3585,300537,广信材料
3586,000530,冰山冷热
3587,300802,矩子科技
3588,300434,金石亚药
3589,002476,宝莫股份
3590,000509,华塑控股
3591,000783,长江证券
3592,301083,百胜智能
3593,000691,亚太实业
3594,300045,华力创通
3595,002788,鹭燕医药
3596,002923,润都股份
3597,300915,海融科技
3598,300975,商络电子
3599,002306,中科云网
3600,301328,维峰电子
3601,002103,广博股份
3602,301268,铭利达
3603,002636,金安国纪
3604,300259,新天科技
3605,000751,锌业股份
3606,300058,蓝色光标
3607,300006,莱美药业
3608,002011,盾安环境
3609,300515,三德科技
3610,002763,汇洁股份
3611,300918,南山智尚
3612,003005,竞业达
3613,002595,豪迈科技
3614,301186,超达装备
3615,300135,宝利国际
3616,000938,紫光股份
3617,301223,中荣股份
3618,300433,蓝思科技
3619,000725,京东方Ａ
3620,002188,中天服务
3621,301215,中汽股份
3622,002443,金洲管道
3623,002026,山东威达
3624,002849,威星智能
3625,300571,平治信息
3626,300200,高盟新材
3627,002194,武汉凡谷
3628,002408,齐翔腾达
3629,002017,东信和平
3630,002560,通达股份
3631,001380,华纬科技
3632,000698,沈阳化工
3633,002786,银宝山新
3634,301198,喜悦智行
3635,301500,飞南资源
3636,002983,芯瑞达
3637,002687,乔治白
3638,000753,漳州发展
3639,002412,汉森制药
3640,300667,必创科技
3641,301528,多浦乐
3642,000408,藏格矿业
3643,300776,帝尔激光
3644,000620,新华联
3645,001311,多利科技
3646,300967,晓鸣股份
3647,002884,凌霄泵业
3648,002809,红墙股份
3649,002283,天润工业
3650,301361,众智科技
3651,300570,太辰光
3652,300988,津荣天宇
3653,301181,标榜股份
3654,002067,景兴纸业
3655,002363,隆基机械
3656,002430,杭氧股份
3657,300971,博亚精工
3658,300609,汇纳科技
3659,300266,兴源环境
3660,002455,百川股份
3661,002932,明德生物
3662,300377,赢时胜
3663,300610,晨化股份
3664,300418,昆仑万维
3665,002985,北摩高科
3666,002383,合众思壮
3667,300304,云意电气
3668,000035,中国天楹
3669,300882,万胜智能
3670,002900,哈三联
3671,002837,英维克
3672,002255,海陆重工
3673,002963,豪尔赛
3674,300258,精锻科技
3675,002640,跨境通
3676,301189,奥尼电子
3677,002542,中化岩土
3678,000570,苏常柴Ａ
3679,000037,深南电A
3680,301023,江南奕帆
3681,301292,海科新源
3682,300428,立中集团
3683,002634,棒杰股份
3684,002470,金正大
3685,002355,兴民智通
3686,000608,阳光股份
3687,300581,晨曦航空
3688,002174,游族网络
3689,002635,安洁科技
3690,002438,江苏神通
3691,002266,浙富控股
3692,002568,百润股份
3693,301059,金三江
3694,300188,国投智能
3695,300962,中金辐照
3696,002319,乐通股份
3697,301225,恒勃股份
3698,001230,劲旅环境
3699,300488,恒锋工具
3700,300348,长亮科技
3701,002553,南方精工
3702,300061,旗天科技
3703,300046,台基股份
3704,301370,国科恒泰
3705,300839,博汇股份
3706,300612,宣亚国际
3707,300534,陇神戎发
3708,300311,任子行
3709,002382,蓝帆医疗
3710,002279,久其软件
3711,002076,星光股份
3712,000049,德赛电池
3713,300695,兆丰股份
3714,002432,九安医疗
3715,301259,艾布鲁
3716,000096,广聚能源
3717,300011,鼎汉技术
3718,002772,众兴菌业
3719,000980,众泰汽车
3720,002392,北京利尔
3721,001333,光华股份
3722,300408,三环集团
3723,300922,天秦装备
3724,000739,普洛药业
3725,301048,金鹰重工
3726,000881,中广核技
3727,301565,中仑新材
3728,001217,华尔泰
3729,002126,银轮股份
3730,002420,毅昌科技
3731,300755,华致酒行
3732,300119,瑞普生物
3733,300655,晶瑞电材
3734,002821,凯莱英
3735,300795,米奥会展
3736,300035,中科电气
3737,002321,华英农业
3738,002247,聚力文化
3739,000566,海南海药
3740,000423,东阿阿胶
3741,002913,奥士康
3742,002373,千方科技
3743,301330,熵基科技
3744,000902,新洋丰
3745,300650,太龙股份
3746,002390,信邦制药
3747,002350,北京科锐
3748,000998,隆平高科
3749,001225,和泰机电
3750,002722,物产金轮
3751,300303,聚飞光电
3752,002638,勤上股份
3753,000637,茂化实华
3754,300085,银之杰
3755,301219,腾远钴业
3756,300899,上海凯鑫
3757,300451,创业慧康
3758,300110,华仁药业
3759,002723,小崧股份
3760,300850,新强联
3761,000050,深天马Ａ
3762,002562,兄弟科技
3763,001201,东瑞股份
3764,002846,英联股份
3765,300625,三雄极光
3766,300486,东杰智能
3767,300762,上海瀚讯
3768,002497,雅化集团
3769,000711,*ST京蓝
3770,002044,美年健康
3771,002154,报 喜 鸟
3772,002140,东华科技
3773,002810,山东赫达
3774,300812,易天股份
3775,002267,陕天然气
3776,000537,中绿电
3777,002121,科陆电子
3778,002655,共达电声
3779,300391,长药控股
3780,002609,捷顺科技
3781,300034,钢研高纳
3782,300960,通业科技
3783,300459,汤姆猫
3784,301499,维科精密
3785,002377,国创高新
3786,000822,山东海化
3787,300450,先导智能
3788,301082,久盛电气
3789,300002,神州泰岳
3790,300175,朗源股份
3791,301518,长华化学
3792,300263,隆华科技
3793,300121,阳谷华泰
3794,300595,欧普康视
3795,000543,皖能电力
3796,300370,安控科技
3797,002611,东方精工
3798,002193,如意集团
3799,002517,恺英网络
3800,002092,ST中泰
3801,002219,新里程
3802,002771,真视通
3803,001236,弘业期货
3804,301329,信音电子
3805,300506,*ST名家
3806,002936,郑州银行
3807,002506,协鑫集成
3808,000816,智慧农业
3809,000601,韶能股份
3810,301516,中远通
3811,301269,华大九天
3812,002925,盈趣科技
3813,300404,博济医药
3814,002863,今飞凯达
3815,000909,ST数源
3816,300101,振芯科技
3817,300781,因赛集团
3818,002258,利尔化学
3819,301395,仁信新材
3820,002705,新宝股份
3821,002010,传化智联
3822,301098,金埔园林
3823,300167,*ST迪威
3824,002728,特一药业
3825,001965,招商公路
3826,003031,中瓷电子
3827,000011,深物业A
3828,003018,金富科技
3829,300033,同花顺
3830,000920,沃顿科技
3831,002576,通达动力
3832,301163,宏德股份
3833,001216,华瓷股份
3834,002649,博彦科技
3835,300745,欣锐科技
3836,300647,超频三
3837,000709,河钢股份
3838,300725,药石科技
3839,300690,双一科技
3840,002123,梦网科技
3841,301237,和顺科技
3842,300783,三只松鼠
3843,002386,天原股份
3844,300243,瑞丰高材
3845,300937,药易购
3846,000009,中国宝安
3847,002583,海能达
3848,002739,万达电影
3849,000636,风华高科
3850,001203,大中矿业
3851,300956,英力股份
3852,300561,汇金科技
3853,301265,华新环保
3854,002641,公元股份
3855,000622,*ST恒立
3856,301489,思泉新材
3857,002871,伟隆股份
3858,300383,光环新网
3859,002606,大连电瓷
3860,001326,联域股份
3861,002952,亚世光电
3862,001215,千味央厨
3863,002709,天赐材料
3864,300668,杰恩设计
3865,301257,普蕊斯
3866,000811,冰轮环境
3867,000008,神州高铁
3868,301285,鸿日达
3869,300696,爱乐达
3870,000926,福星股份
3871,301021,英诺激光
3872,000668,荣丰控股
3873,300057,万顺新材
3874,001358,兴欣新材
3875,000969,安泰科技
3876,301448,开创电气
3877,001255,博菲电气
3878,002674,兴业科技
3879,300189,神农种业
3880,000703,恒逸石化
3881,002463,沪电股份
3882,002203,海亮股份
3883,300400,劲拓股份
3884,002707,众信旅游
3885,002115,三维通信
3886,000988,华工科技
3887,002831,裕同科技
3888,301318,维海德
3889,300345,华民股份
3890,002719,麦趣尔
3891,300708,聚灿光电
3892,300527,中船应急
3893,002796,世嘉科技
3894,000573,粤宏远Ａ
3895,300771,智莱科技
3896,002592,ST八菱
3897,002492,恒基达鑫
3898,002668,TCL智家
3899,300548,博创科技
3900,301108,洁雅股份
3901,002526,山东矿机
3902,002465,海格通信
3903,300907,康平科技
3904,002962,五方光电
3905,301039,中集车辆
3906,002281,光迅科技
3907,000731,四川美丰
3908,301191,菲菱科思
3909,002421,达实智能
3910,002195,岩山科技
3911,002701,奥瑞金
3912,000078,海王生物
3913,300146,汤臣倍健
3914,300215,电科院
3915,300447,全信股份
3916,300849,锦盛新材
3917,300996,普联软件
3918,300880,迦南智能
3919,300221,银禧科技
3920,301567,贝隆精密
3921,300818,耐普矿机
3922,300439,美康生物
3923,300578,会畅通讯
3924,000629,钒钛股份
3925,000531,穗恒运Ａ
3926,002955,鸿合科技
3927,301008,宏昌科技
3928,300024,机器人
3929,000411,英特集团
3930,300413,芒果超媒
3931,300145,中金环境
3932,002051,中工国际
3933,300314,戴维医疗
3934,002689,远大智能
3935,000950,重药控股
3936,301246,宏源药业
3937,300676,华大基因
3938,002098,浔兴股份
3939,300796,贝斯美
3940,002943,宇晶股份
3941,000409,云鼎科技
3942,301519,舜禹股份
3943,002250,联化科技
3944,000813,德展健康
3945,000977,浪潮信息
3946,300952,恒辉安防
3947,000930,中粮科技
3948,300616,尚品宅配
3949,301376,致欧科技
3950,300368,ST汇金
3951,300627,华测导航
3952,301019,宁波色母
3953,300599,雄塑科技
3954,300706,阿石创
3955,000785,居然智家
3956,002003,伟星股份
3957,002537,海联金汇
3958,300736,百邦科技
3959,002109,兴化股份
3960,301121,紫建电子
3961,000552,甘肃能化
3962,002296,辉煌科技
3963,300148,天舟文化
3964,300590,移为通信
3965,301379,天山电子
3966,301233,盛帮股份
3967,002518,科士达
3968,301316,慧博云通
3969,301238,瑞泰新材
3970,002957,科瑞技术
3971,300580,贝斯特
3972,300507,苏奥传感
3973,002339,积成电子
3974,002234,民和股份
3975,002601,龙佰集团
3976,002815,崇达技术
3977,300257,开山股份
3978,002066,瑞泰科技
3979,300790,宇瞳光学
3980,000852,石化机械
3981,002550,千红制药
3982,002458,益生股份
3983,301303,真兰仪表
3984,000063,中兴通讯
3985,002110,三钢闽光
3986,003006,百亚股份
3987,002218,拓日新能
3988,002662,京威股份
3989,300976,达瑞电子
3990,301120,新特电气
3991,002969,嘉美包装
3992,000995,皇台酒业
3993,000563,陕国投Ａ
3994,300860,锋尚文化
3995,002988,豪美新材
3996,300884,狄耐克
3997,003008,开普检测
3998,301332,德尔玛
3999,002340,格林美
4000,000708,中信特钢
4001,301323,新莱福
4002,300623,捷捷微电
4003,300313,ST天山
4004,300102,乾照光电
4005,002566,益盛药业
4006,002342,巨力索具
4007,000027,深圳能源
4008,002956,西麦食品
4009,301286,侨源股份
4010,301177,迪阿股份
4011,003043,华亚智能
4012,002832,比音勒芬
4013,002603,以岭药业
4014,002182,宝武镁业
4015,301311,昆船智能
4016,002358,森源电气
4017,002081,金 螳 螂
4018,300663,科蓝软件
4019,300583,赛托生物
4020,000707,双环科技
4021,002375,亚厦股份
4022,002036,联创电子
4023,002602,ST华通
4024,002225,濮耐股份
4025,002177,御银股份
4026,300155,安居宝
4027,001323,慕思股份
4028,300026,红日药业
4029,002199,东晶电子
4030,002403,爱仕达
4031,002926,华西证券
4032,300864,南大环境
4033,002176,江特电机
4034,300854,中兰环保
4035,002165,红 宝 丽
4036,002037,保利联合
4037,002749,国光股份
4038,300757,罗博特科
4039,300399,天利科技
4040,300997,欢乐家
4041,300209,*ST有树
4042,000825,太钢不锈
4043,002191,劲嘉股份
4044,300833,浩洋股份
4045,001229,魅视科技
4046,002682,龙洲股份
4047,301281,科源制药
4048,002413,雷科防务
4049,000958,电投产融
4050,002790,瑞尔特
4051,300001,特锐德
4052,300455,航天智装
4053,002937,兴瑞科技
4054,300824,北鼎股份
4055,002441,众业达
4056,002783,凯龙股份
4057,000705,浙江震元
4058,002049,紫光国微
4059,002368,太极股份
4060,002671,龙泉股份
4061,002980,华盛昌
4062,300405,科隆股份
4063,002989,中天精装
4064,002624,完美世界
4065,002812,恩捷股份
4066,002326,永太科技
4067,002479,富春环保
4068,301033,迈普医学
4069,002816,和科达
4070,002311,海大集团
4071,300502,新易盛
4072,002755,奥赛康
4073,300773,拉卡拉
4074,003003,天元股份
4075,000429,粤高速Ａ
4076,301372,科净源
4077,301314,科瑞思
4078,300815,玉禾田
4079,300055,万邦达
4080,002155,湖南黄金
4081,301165,锐捷网络
4082,000400,许继电气
4083,300378,鼎捷数智
4084,002204,大连重工
4085,301123,奕东电子
4086,000555,神州信息
4087,002637,赞宇科技
4088,300079,数码视讯
4089,002419,天虹股份
4090,300063,天龙集团
4091,000417,合百集团
4092,002004,华邦健康
4093,000539,粤电力Ａ
4094,002766,索菱股份
4095,002697,红旗连锁
4096,300323,华灿光电
4097,300692,中环环保
4098,000702,正虹科技
4099,301587,中瑞股份
4100,000670,盈方微
4101,301267,华厦眼科
4102,301171,易点天下
4103,002328,新朋股份
4104,300419,ST浩丰
4105,300634,彩讯股份
4106,300136,信维通信
4107,301539,宏鑫科技
4108,300172,中电环保
4109,002415,海康威视
4110,300082,奥克股份
4111,002519,银河电子
4112,300281,金明精机
4113,002213,大为股份
4114,301175,中科环保
4115,300576,容大感光
4116,002402,和而泰
4117,000541,佛山照明
4118,002835,同为股份
4119,300149,睿智医药
4120,002152,广电运通
4121,300632,光莆股份
4122,002627,三峡旅游
4123,300697,电工合金
4124,300018,中元股份
4125,300991,创益通
4126,002379,宏创控股
4127,300168,万达信息
4128,002469,三维化学
4129,300302,同有科技
4130,002970,锐明技术
4131,301087,可孚医疗
4132,002651,利君股份
4133,301227,森鹰窗业
4134,300103,达刚控股
4135,300999,金龙鱼
4136,301305,朗坤环境
4137,002657,中科金财
4138,300680,隆盛科技
4139,300225,金力泰
4140,000925,众合科技
4141,000795,英洛华
4142,002334,英威腾
4143,300452,山河药辅
4144,002297,博云新材
4145,002422,科伦药业
4146,001309,德明利
4147,002027,分众传媒
4148,300739,明阳电路
4149,000905,厦门港务
4150,300592,华凯易佰
4151,300652,雷迪克
4152,002440,闰土股份
4153,000686,东北证券
4154,002240,盛新锂能
4155,301153,中科江南
4156,300803,指南针
4157,002068,黑猫股份
4158,301212,联盛化学
4159,002268,电科网安
4160,301520,万邦医药
4161,300446,航天智造
4162,003016,欣贺股份
4163,002475,立讯精密
4164,300252,金信诺
4165,300051,琏升科技
4166,000728,国元证券
4167,002929,润建股份
4168,002276,万马股份
4169,300910,瑞丰新材
4170,002975,博杰股份
4171,301190,善水科技
4172,300662,科锐国际
4173,002001,新 和 成
4174,000990,诚志股份
4175,300374,中铁装配
4176,002939,长城证券
4177,301398,星源卓镁
4178,002995,天地在线
4179,001223,欧克科技
4180,002038,双鹭药业
4181,300671,富满微
4182,300340,科恒股份
4183,002791,坚朗五金
4184,300911,亿田智能
4185,301397,溯联股份
4186,002362,汉王科技
4187,300905,宝丽迪
4188,000513,丽珠集团
4189,300068,南都电源
4190,000823,超声电子
4191,300741,华宝股份
4192,300285,国瓷材料
4193,002873,新天药业
4194,300843,胜蓝股份
4195,300386,飞天诚信
4196,300353,东土科技
4197,000581,威孚高科
4198,002993,奥海科技
4199,002229,鸿博股份
4200,000722,湖南发展
4201,002039,黔源电力
4202,002965,祥鑫科技
4203,001389,广合科技
4204,300786,国林科技
4205,002074,国轩高科
4206,300693,盛弘股份
4207,001338,永顺泰
4208,300825,阿尔特
4209,000738,航发控制
4210,002773,康弘药业
4211,300003,乐普医疗
4212,002241,歌尔股份
4213,002080,中材科技
4214,300615,欣天科技
4215,000869,张  裕Ａ
4216,000682,东方电子
4217,300059,东方财富
4218,003000,劲仔食品
4219,301188,力诺药包
4220,002727,一心堂
4221,300659,中孚信息
4222,300672,国科微
4223,301252,同星科技
4224,002813,路畅科技
4225,300847,中船汉光
4226,300127,银河磁体
4227,002626,金达威
4228,301387,光大同创
4229,300520,科大国创
4230,300731,科创新源
4231,300274,阳光电源
4232,002322,理工能科
4233,300900,广联航空
4234,001376,百通能源
4235,002380,科远智慧
4236,002648,卫星化学
4237,300390,天华新能
4238,300644,南京聚隆
4239,300260,新莱应材
4240,301029,怡合达
4241,301178,天亿马
4242,301202,朗威股份
4243,300346,南大光电
4244,300679,电连技术
4245,300628,亿联网络
4246,300770,新媒股份
4247,301086,鸿富瀚
4248,002850,科达利
4249,301607,富特科技
4250,301526,国际复材
4251,301356,天振股份
4252,301258,富士莱
4253,301218,华是科技
4254,301127,天源环保
4255,301004,嘉益股份
4256,300892,品渥食品
4257,300889,爱克股份
4258,300868,杰美特
4259,300862,蓝盾光电
4260,300846,首都在线
4261,300801,泰和科技
4262,300799,左江退
4263,300742,越博退
4264,300665,飞鹿股份
4265,300611,美力科技
4266,300541,先进数通
4267,300526,中潜退
4268,300519,新光药业
4269,300510,金冠股份
4270,300495,*ST美尚
4271,300432,富临精工
4272,300431,暴风退
4273,300392,腾信退
4274,300372,欣泰退
4275,300367,网力退
4276,300362,天翔退
4277,300356,光一退
4278,300355,蒙草生态
4279,300336,新文退
4280,300330,计通退
4281,300325,德威退
4282,300322,硕贝德
4283,300319,麦捷科技
4284,300312,邦讯退
4285,300309,吉艾退
4286,300297,蓝盾退
4287,300289,利德曼
4288,300282,三盛退
4289,300273,和佳退
4290,300267,尔康制药
4291,300262,*ST巴安
4292,300216,千山退
4293,300202,聚龙退
4294,300186,大华农
4295,300185,通裕重工
4296,300178,腾邦退
4297,300171,东富龙
4298,300164,通源石油
4299,300163,ST先锋
4300,300162,雷曼光电
4301,300157,新锦动力
4302,300156,神雾退
4303,300152,新动力
4304,300137,ST先河
4305,300120,经纬辉开
4306,300116,*ST保力
4307,300111,向日葵
4308,300104,乐视退
4309,300090,盛运退
4310,300089,文化退
4311,300081,恒信东方
4312,300064,金刚退
4313,300038,数知退
4314,300028,金亚退
4315,300023,宝德退
4316,300021,大禹节水
4317,003033,征和工业
4318,003007,直真科技
4319,002973,侨银股份
4320,002945,华林证券
4321,002928,华夏航空
4322,002910,庄园牧场
4323,002903,宇环数控
4324,002887,绿茵生态
4325,002879,长缆科技
4326,002797,第一创业
4327,002781,奇信退
4328,002776,*ST柏龙
4329,002770,科迪退
4330,002751,易尚退
4331,002740,*ST爱迪
4332,002736,国信证券
4333,002732,燕塘乳业
4334,002711,欧浦退
4335,002708,光洋股份
4336,002699,*ST美盛
4337,002693,双成药业
4338,002684,猛狮退
4339,002680,长生退
4340,002677,浙江美大
4341,002670,国盛金控
4342,002665,ST航高
4343,002621,*ST美吉
4344,002620,瑞和股份
4345,002619,*ST艾格
4346,002618,丹邦退
4347,002613,北玻股份
4348,002610,ST爱康
4349,002604,龙力退
4350,002593,日上集团
4351,002573,清新环境
4352,002567,唐人神
4353,002533,金杯电工
4354,002509,天茂退
4355,002505,鹏都农牧
4356,002504,*ST弘高
4357,002503,*ST搜特
4358,002502,ST鼎龙
4359,002501,利源股份
4360,002499,科林退
4361,002483,润邦股份
4362,002482,广田集团
4363,002477,雏鹰退
4364,002473,圣莱退
4365,002471,中超控股
4366,002464,众应退
4367,002456,欧菲光
4368,002454,松芝股份
4369,002450,康得退
4370,002447,晨鑫退
4371,002445,中南文化
4372,002435,ST长康
4373,002433,太安退
4374,002418,康盛股份
4375,002417,深南退
4376,002411,必康退
4377,002367,康力电梯
4378,002359,北讯退
4379,002344,海宁皮城
4380,002341,ST新纶
4381,002325,*ST洪涛
4382,002308,*ST威创
4383,002305,南国置业
4384,002298,中电兴发
4385,002288,*ST超华
4386,002280,ST联络
4387,002264,新 华 都
4388,002263,大东南
4389,002260,德奥退
4390,002220,天宝退
4391,002159,三特索道
4392,002153,石基信息
4393,002147,新光退
4394,002143,印纪退
4395,002133,广宇集团
4396,002132,恒星科技
4397,002131,利欧股份
4398,002118,*ST紫鑫
4399,002113,*ST天润
4400,002108,沧州明珠
4401,002097,山河智能
4402,002089,新海退
4403,002087,新纺退
4404,002086,东方海洋
4405,002071,长城退
4406,002070,众和退
4407,002047,宝鹰股份
4408,002042,华孚时尚
4409,002021,中捷资源
4410,002018,华信退
4411,002013,中航机电
4412,002002,ST鸿达
4413,001308,康冠科技
4414,001277,速达股份
4415,000996,中期退
4416,000993,闽东电力
4417,000982,中银绒业
4418,000981,山子高科
4419,000979,中弘退
4420,000976,*ST华铁
4421,000972,中基健康
4422,000971,*ST高升
4423,000961,ST中南
4424,000956,中原油气
4425,000939,凯迪退
4426,000922,佳电股份
4427,000918,*ST嘉凯
4428,000916,华北高速
4429,000897,津滨发展
4430,000866,扬子石化
4431,000861,海印股份
4432,000837,秦川机床
4433,000836,ST富通
4434,000835,长动退
4435,000832,*ST龙涤
4436,000827,*ST长兴
4437,000826,启迪环境
4438,000817,辽河油田
4439,000806,银河退
4440,000805,*ST炎黄
4441,000787,*ST创智
4442,000780,ST平能
4443,000769,*ST大菲
4444,000765,*ST华信
4445,000763,锦州石化
4446,000760,斯太退
4447,000748,长城信息
4448,000732,ST泰禾
4449,000730,*ST环保
4450,000727,冠捷科技
4451,000723,美锦能源
4452,000718,苏宁环球
4453,000717,中南股份
4454,000699,S*ST佳纸
4455,000693,华泽退
4456,000689,ST宏业
4457,000687,华讯退
4458,000677,恒天海龙
4459,000675,ST银山
4460,000673,当代退
4461,000671,ST阳光城
4462,000667,ST美置
4463,000666,经纬纺机
4464,000662,天夏退
4465,000660,*ST南华
4466,000658,ST海洋
4467,000657,中钨高新
4468,000653,ST九州
4469,000621,*ST比特
4470,000619,海螺新材
4471,000618,吉林化工
4472,000616,*ST海投
4473,000613,东海A退
4474,000611,天首退
4475,000606,顺利退
4476,000602,金马集团
4477,000594,国恒退
4478,000589,贵州轮胎
4479,000588,PT粤金曼
4480,000587,*ST金洲
4481,000585,东电退
4482,000583,S*ST托普
4483,000578,盐湖集团
4484,000569,长城股份
4485,000562,宏源证券
4486,000558,莱茵体育
4487,000556,PT南洋
4488,000549,S湘火炬
4489,000545,金浦钛业
4490,000542,TCL通讯
4491,000540,*ST中天
4492,000535,*ST猴王
4493,000527,美的电器
4494,000525,ST红太阳
4495,000522,白云山A
4496,000515,攀渝钛业
4497,000511,烯碳退
4498,000508,琼民源A
4499,000502,绿景退
4500,000488,晨鸣纸业
4501,000418,小天鹅A
4502,000416,*ST民控
4503,000415,渤海租赁
4504,000413,ST旭电
4505,000412,ST五环
4506,000406,石油大明
4507,000405,ST鑫光
4508,000150,*ST宜康
4509,000100,TCL科技
4510,000066,中国长城
4511,000055,方大集团
4512,000047,ST中侨
4513,000046,*ST泛海
4514,000038,大通退
4515,000033,新都退
4516,000024,招商地产
4517,000023,*ST深天
4518,000018,神城A退
4519,000015,PT中浩A
4520,000013,*ST石化A
4521,000010,美丽生态
4522,000006,深振业Ａ
4523,000005,ST星源
4524,000003,PT金田A
4525,301580,爱迪特
4526,002230,科大讯飞
4527,300573,兴齐眼药
4528,002338,奥普光电
4529,002180,纳思达
4530,300814,中富电路
4531,300722,新余国科
4532,301299,卓创资讯
4533,002128,电投能源
4534,301176,逸豪新材
4535,300327,中颖电子
4536,300357,我武生物
4537,301150,中一科技
4538,002544,普天科技
4539,301421,波长光电
4540,001324,长青科技
4541,300473,德尔股份
4542,002623,亚玛顿
4543,300779,惠城环保
4544,001316,润贝航科
4545,300951,博硕科技
4546,300075,数字政通
4547,301132,满坤科技
4548,300645,正元智慧
4549,301005,超捷股份
4550,002901,大博医疗
4551,002552,宝鼎科技
4552,003004,声迅股份
4553,300633,开立医疗
4554,300499,高澜股份
4555,002792,通宇通讯
4556,300811,铂科新材
4557,301456,盘古智能
4559,300579,数字认证
4560,000876,新 希 望
4561,002646,天佑德酒
4562,300475,香农芯创
4563,002643,万润股份
4564,301555,惠柏新材
4565,003023,彩虹集团
4566,000685,中山公用
4567,002588,史丹利
4568,300568,星源材质
4569,301429,森泰股份
4570,300927,江天化学
4571,300457,赢合科技
4572,000425,徐工机械
4573,000157,中联重科
4574,002545,东方铁塔
4575,301007,德迈仕
4576,000404,长虹华意
4577,002387,维信诺
4578,300240,飞力达
4579,300575,中旗股份
4580,300943,春晖智控
4581,002859,洁美科技
4582,000887,中鼎股份
4583,002587,奥拓电子
4584,002614,奥佳华
4585,300393,中来股份
4586,002357,富临运业
4587,300589,江龙船艇
4588,002756,永兴材料
4589,301203,国泰环保
4590,000554,泰山石油
4591,000735,罗 牛 山
4592,000729,燕京啤酒
4593,002876,三利谱
4594,300540,蜀道装备
4595,003009,中天火箭
4596,002151,北斗星通
4597,301095,广立微
4598,002960,青鸟消防
4599,300925,法本信息
4600,300594,朗进科技
4601,002898,赛隆药业
4602,300926,博俊科技
4603,002493,荣盛石化
4604,002661,克明食品
4605,300947,德必集团
4606,002023,海特高新
4607,300187,永清环保
4608,002676,顺威股份
4609,002299,圣农发展
4610,002161,远 望 谷
4611,001367,海森药业
4612,002315,焦点科技
4613,300375,鹏翎股份
4614,301333,诺思格
4615,002942,新农股份
4616,300768,迪普科技
4617,002833,弘亚数控
4618,300144,宋城演艺
4619,000899,赣能股份
4620,000915,华特达因
4621,300683,海特生物
4622,002460,赣锋锂业
4623,002557,洽洽食品
4624,301509,金凯生科
4625,000716,黑芝麻
4626,000582,北部湾港
4627,300865,大宏立
4628,300698,万马科技
4629,300613,富瀚微
4630,002659,凯文教育
4631,300231,银信科技
4632,300478,杭州高新
4633,000403,派林生物
4634,300415,伊之密
4635,000701,厦门信达
4636,300554,三超新材
4637,000778,新兴铸管
4638,002034,旺能环境
4639,002145,中核钛白
4640,301251,威尔高
4641,300718,长盛轴承
4642,300791,仙乐健康
4643,301389,隆扬电子
4644,002795,永和智控
4645,002331,皖通科技
4646,000338,潍柴动力
4647,301051,信濠光电
4648,301148,嘉戎技术
4649,000798,中水渔业
4650,300964,本川智能
4651,002016,世荣兆业
4652,002580,圣阳股份
4653,002512,达华智能
4654,002361,神剑股份
4655,000850,华茂股份
4656,300529,健帆生物
4657,000630,铜陵有色
4658,300808,久量股份
4659,002198,嘉应制药
4660,300809,华辰装备
4661,002780,三夫户外
4662,300201,海伦哲
4663,301141,中科磁业
4664,000510,新金路
4665,002056,横店东磁
4666,002055,得润电子
4667,002584,西陇科学
4668,301308,江波龙
4669,002485,ST雪发
4670,301321,翰博高新
4671,301199,迈赫股份
4672,300083,创世纪
4673,000750,国海证券
4674,300917,特发服务
4675,002163,海南发展
4676,000959,首钢股份
4677,301139,元道通信
4678,002033,丽江股份
4679,002652,扬子新材
4680,000430,张家界
4681,301130,西点药业
4682,300542,新晨科技
4683,002746,仙坛股份
4684,300750,宁德时代
4685,301300,远翔新材
4686,300729,乐歌股份
4687,300397,天和防务
4688,002968,新大正
4689,300852,四会富仕
4690,300401,花园生物
4691,002742,ST三圣
4692,000612,焦作万方
4693,002157,正邦科技
4694,000697,炼石航空
4695,002192,融捷股份
4696,300207,欣旺达
4697,300369,绿盟科技
4698,000623,吉林敖东
4699,002393,力生制药
4700,000012,南  玻Ａ
4701,003816,中国广核
4702,000021,深科技
4703,002245,蔚蓝锂芯
4704,000032,深桑达Ａ
4705,002029,七 匹 狼
4706,301273,瑞晨环保
4707,002064,华峰化学
4708,002405,四维图新
4709,002158,汉钟精机
4710,300916,朗特智能
4711,000526,学大教育
4712,000028,国药一致
4713,300867,圣元环保
4714,002478,常宝股份
4715,000031,大悦城
4716,300656,民德电子
4717,002840,华统股份
4718,002734,利民股份
4719,300295,三六五网
4720,300122,智飞生物
4721,000551,创元科技
4722,300140,节能环境
4723,002015,协鑫能科
4724,301112,信邦智能
4725,000507,珠海港
4726,300566,激智科技
4727,002468,申通快递
4728,002019,亿帆医药
4729,301488,豪恩汽电
4730,002472,双环传动
4731,002073,软控股份
4732,000762,西藏矿业
4733,300936,中英科技
4734,001288,运机集团
4735,300751,迈为股份
4736,000547,航天发展
4737,300151,昌红科技
4738,000967,盈峰环境
4739,000898,鞍钢股份
4740,002530,金财互联
4741,002946,新乳业
4742,002616,长青集团
4743,000932,华菱钢铁
4744,300586,美联新材
4745,002507,涪陵榨菜
4746,301096,百诚医药
4747,002827,高争民爆
4748,300466,赛摩智能
4749,300863,卡倍亿
4750,000910,大亚圣象
4751,000014,沙河股份
4752,002244,滨江集团
4753,002667,威领股份
4754,300982,苏文电能
4755,002129,TCL中环
4756,002959,小熊电器
4757,002828,贝肯能源
4758,000968,蓝焰控股
4759,002521,齐峰新材
4760,002253,川大智胜
4761,301129,瑞纳智能
4762,002590,万安科技
4763,002395,双象股份
4764,002388,ST新亚
4765,301090,华润材料
4766,300219,鸿利智汇
4767,300042,朗科科技
4768,001318,阳光乳业
4769,300014,亿纬锂能
4770,300777,中简科技
4771,000029,深深房Ａ
4772,300494,盛天网络
4773,300769,德方纳米
4774,002233,塔牌集团
4775,000042,中洲控股
4776,002446,盛路通信
4777,300747,锐科激光
4778,301317,鑫磊股份
4779,000617,中油资本
4780,300624,万兴科技
4781,300293,蓝英装备
4782,002116,中国海诚
4783,300687,赛意信息
4784,300557,理工光科
4785,301012,扬电科技
4786,002014,永新股份
4787,003037,三和管桩
4788,300025,华星创业
4789,002911,佛燃能源
4790,002675,东诚药业
4791,301220,亚香股份
4792,300308,中际旭创
4793,002060,广东建工
4794,002406,远东传动
4795,301047,义翘神州
4796,300036,超图软件
4797,002272,川润股份
4798,301073,君亭酒店
4799,000756,新华制药
4800,300437,清水源
4801,300979,华利集团
4802,301200,大族数控
4803,300617,安靠智电
4804,300113,顺网科技
4805,002569,ST步森
4806,300317,珈伟新能
4807,300858,科拓生物
4808,300342,天银机电
4809,300396,迪瑞医疗
4810,002088,鲁阳节能
4811,002818,富森美
4812,000514,渝 开 发
4813,300516,久之洋
4814,002078,太阳纸业
4815,000089,深圳机场
4816,002282,博深股份
4817,000166,申万宏源
4818,002083,孚日股份
4819,300049,福瑞股份
4820,300602,飞荣达
4821,000963,华东医药
4822,000420,吉林化纤
4823,300479,神思电子
4824,301221,光庭信息
4825,001337,四川黄金
4826,003029,吉大正元
4827,300462,华铭智能
4828,300641,正丹股份
4829,301248,杰创智能
4830,000065,北方国际
4831,300298,三诺生物
4832,000676,智度股份
4833,300712,永福股份
4834,300661,圣邦股份
4835,000036,华联控股
4836,003013,地铁设计
4837,002399,海普瑞
4838,000948,南天信息
4839,002273,水晶光电
4840,300417,南华仪器
4841,000669,ST金鸿
4842,002262,恩华药业
4843,301056,森赫股份
4844,000928,中钢国际
4845,002007,华兰生物
4846,300961,深水海纳
4847,000830,鲁西化工
4848,003012,东鹏控股
4849,000893,亚钾国际
4850,000628,高新发展
4851,000726,鲁  泰Ａ
4852,002703,浙江世宝
4853,000680,山推股份
4854,000936,华西股份
4855,002508,老板电器
4856,300608,思特奇
4857,000059,华锦股份
4858,000504,南华生物
4859,300474,景嘉微
4860,000923,河钢资源
4861,300384,三联虹普
4862,301168,通灵股份
4863,002906,华阳集团
4864,000951,中国重汽
4865,002673,西部证券
4866,002353,杰瑞股份
4867,002918,蒙娜丽莎
4868,000960,锡业股份
4869,301320,豪江智能
4870,000900,现代投资
4871,001872,招商港口
4872,300458,全志科技
4873,002630,华西能源
4874,000544,中原环保
4875,002855,捷荣技术
4876,000878,云南铜业
4877,301559,中集环科
4878,002237,恒邦股份
4879,000965,天保基建
4880,002061,浙江交科
4881,002967,广电计量
4882,002270,华明装备
4883,002541,鸿路钢构
4884,301369,联动科技
4885,002466,天齐锂业
4886,002976,瑞玛精密
4887,301536,星宸科技
4888,000560,我爱我家
4889,300388,节能国祯
4890,002555,三七互娱
4891,300047,天源迪科
4892,001227,兰州银行
4893,300807,天迈科技
4894,300424,航新科技
4895,000661,长春高新
4896,300477,合纵科技
4897,002977,天箭科技
4898,003001,中岩大地
4899,300620,光库科技
4900,002767,先锋电子
4901,301419,阿莱德
4902,000766,通化金马
4903,300857,协创数据
4904,000631,顺发恒业
4905,000088,盐 田 港
4906,002805,丰元股份
4907,300965,*ST恒宇
4908,300465,高伟达
4909,000807,云铝股份
4910,002185,华天科技
4911,300316,晶盛机电
4912,300928,华安鑫创
4913,000546,金圆股份
4914,300558,贝达药业
4915,003041,真爱美家
4916,300130,新国都
4917,000776,广发证券
4918,300482,万孚生物
4919,002216,三全食品
4920,000001,平安银行
4921,300896,爱美客
4922,002916,深南电路
4923,000833,粤桂股份
4924,002072,凯瑞德
4925,002318,久立特材
4926,000690,宝新能源
4927,002998,优彩资源
4928,300379,东方通
4929,000997,新 大 陆
4930,000782,恒申新材
4931,300158,振东制药
4932,300546,雄帝科技
4933,300970,华绿生物
4934,000572,海马汽车
4935,300050,世纪鼎利
4936,301313,凡拓数创
4937,000402,金 融 街
4938,301058,中粮科工
4939,002750,*ST龙津
4940,300394,天孚通信
4941,300009,安科生物
4942,002841,视源股份
4943,002839,张家港行
4944,002716,湖南白银
4945,300471,厚普股份
4946,000987,越秀资本
4947,301070,开勒股份
4948,003026,中晶科技
4949,300180,华峰超纤
4950,000683,远兴能源
4951,301577,美信科技
4952,002135,东南网架
4953,002423,中粮资本
4954,300898,熊猫乳品
4955,300603,立昂技术
4956,002889,东方嘉盛
4957,001270,铖昌科技
4958,002864,盘龙药业
4959,300711,广哈通信
4960,001914,招商积余
4961,300836,佰奥智能
4962,000672,上峰水泥
4963,301179,泽宇智能
4964,300406,九强生物
4965,002429,兆驰股份
4966,000069,华侨城Ａ
4967,300861,美畅股份
4968,300886,华业香料
4969,002882,金龙羽
4970,300885,海昌新材
4971,300108,*ST吉药
4972,300261,雅本化学
4973,002480,新筑股份
4974,301205,联特科技
4975,300008,天海防务
4976,300087,荃银高科
4977,300228,富瑞特装
4978,002958,青农商行
4979,000895,双汇发展
4980,002515,金字火腿
4981,000627,天茂集团
4982,002208,合肥城建
4983,300788,中信出版
4984,301133,金钟股份
4985,300538,同益股份
4986,300349,金卡智能
4987,000800,一汽解放
4988,300177,中海达
4989,002062,宏润建设
4990,002629,仁智股份
4991,002285,世联行
4992,300940,南极光
4993,002242,九阳股份
4994,000919,金陵药业
4995,000886,海南高速
4996,002256,兆新股份
4997,002372,伟星新材
4998,300427,红相股份
4999,300318,博晖创新
5000,300758,七彩化学
5001,300199,翰宇药业
5002,300339,润和软件
5003,301016,雷尔伟
5004,002426,胜利精密
5005,301037,保立佳
5006,301399,英特科技
5007,300827,上能电气
5008,300806,斯迪克
5009,300484,蓝海华腾
5010,300456,赛微电子
5011,002799,环球印务
5012,300643,万通智控
5013,002317,众生药业
5014,002579,中京电子
5015,002461,珠江啤酒
5016,002713,东易日盛
5017,000712,锦龙股份
5018,301000,肇民科技
5019,002172,澳洋健康
5020,301239,普瑞眼科
5021,301289,国缆检测
5022,001387,雪祺电气
5023,002811,郑中设计
5024,301105,鸿铭股份
5025,002532,天山铝业
5026,002448,中原内配
5027,002807,江阴银行
5028,301060,兰卫医学
5029,002596,海南瑞泽
5030,300066,三川智慧
5031,002351,漫步者
5032,300232,洲明科技
5033,000789,万年青
5034,002032,苏 泊 尔
5035,001208,华菱线缆
5036,001212,中旗新材
5037,002106,莱宝高科
5038,301338,凯格精机
5039,000625,长安汽车
5040,300354,东华测试
5041,300492,华图山鼎
5042,300190,维尔利
5043,000401,冀东水泥
5044,000571,新大洲A
5045,000498,山东路桥
5046,300719,安达维尔
5047,300264,佳创视讯
5048,000678,襄阳轴承
5049,300204,舒泰神
5050,002309,*ST中利
5051,300720,海川智能
5052,300468,四方精创
5053,000002,万  科Ａ
5054,300299,富春股份
5055,002059,云南旅游
5056,002232,启明信息
5057,002869,金溢科技
5058,002022,科华生物
5059,301418,协昌科技
5060,301266,宇邦新材
5061,000736,中交地产
5062,300552,万集科技
5063,001205,盛航股份
5064,300649,杭州园林
5065,000090,天健集团
5066,000584,*ST工智
5067,002691,冀凯股份
5068,000603,盛达资源
5069,000828,东莞控股
5070,002012,凯恩股份
5071,002142,宁波银行
5072,300702,天宇股份
5073,300196,长海股份
5074,002459,晶澳科技
5075,002966,苏州银行
5076,000935,四川双马
5077,000518,四环生物
5078,000004,国华网安
5079,300411,金盾股份
5080,002300,太阳电缆
5081,002384,东山精密
5082,000957,中通客车
5083,300859,西域旅游
5084,002275,桂林三金
5085,002690,美亚光电
5086,300998,宁波方正
5087,300895,铜牛信息
5088,301568,思泰克
5089,000901,航天科技
5090,000333,美的集团
5091,300147,香雪制药
5092,000885,城发环境
5093,000651,格力电器
5094,002222,福晶科技
5095,300098,高新兴
5096,300694,蠡湖股份
5097,300636,同和药业
5098,300073,当升科技
5099,002594,比亚迪
5100,000426,兴业银锡
5101,000989,ST九芝
5102,300556,丝路视觉
5103,301486,致尚科技
5104,300551,古鳌科技
5105,002436,兴森科技
5106,000933,神火股份
5107,003032,传智教育
5108,300118,东方日升
5109,002563,森马服饰
5110,002543,万和电气
5111,000829,天音控股
5112,300832,新产业
5113,003021,兆威机电
5114,002304,洋河股份
5115,002752,昇兴股份
5116,300139,晓程科技
5117,001269,欧晶科技
5118,002761,浙江建投
5119,002162,悦心健康
5120,000889,ST中嘉
5121,300735,光弘科技
5122,301270,汉仪股份
5123,000786,北新建材
5124,300483,首华燃气
5125,301208,中亦科技
5126,001228,永泰运
5127,000819,岳阳兴长
5128,002908,德生科技
5129,300363,博腾股份
5130,301101,明月镜片
5131,300761,立华股份
5132,300681,英搏尔
5133,001696,宗申动力
5134,002920,德赛西威
5135,301337,亚华电子
5136,301232,飞沃科技
5137,002150,通润装备
5138,300100,双林股份
5139,002035,华帝股份
5140,300941,创识科技
5141,301301,川宁生物
5142,002948,青岛银行
5143,002314,南山控股
5144,300078,思创医惠
5145,002785,万里石
5146,300585,奥联电子
5147,301201,诚达药业
5148,300766,每日互动
5149,300517,海波重科
5150,300709,精研科技
5151,002457,青龙管业
5152,300894,火星人
5153,003020,立方制药
5154,300250,初灵信息
5155,002265,建设工业
5156,300512,中亚股份
5157,002352,顺丰控股
5158,300723,一品红
5159,002048,宁波华翔
5160,000801,四川九洲
5161,301081,严牌股份
5162,300618,寒锐钴业
5163,301010,晶雪节能
5164,300555,ST路通
5165,300208,*ST中程
5166,000949,新乡化纤
5167,000758,中色股份
5168,300294,博雅生物
5169,000016,深康佳Ａ
5170,000921,海信家电
5171,300511,雪榕生物
5172,000521,长虹美菱
5173,300774,倍杰特
5174,000030,富奥股份
5175,000927,中国铁物
5176,000761,本钢板材
5177,002986,宇新股份
5178,300968,格林精密
5179,301282,金禄电子
5180,003040,楚天龙
5181,301089,拓新药业
5182,300619,金银河
5183,000868,安凯客车
5184,000860,顺鑫农业
5185,002261,拓维信息
5186,002490,ST墨龙
5187,002997,瑞鹄模具
5188,300621,维业股份
5189,301169,零点有数
5190,300797,钢研纳克
5191,300371,汇中股份
5192,002207,准油股份
5193,301306,西测测试
5194,002271,东方雨虹
5195,300983,尤安设计
5196,000799,酒鬼酒
5197,002577,雷柏科技
5198,300730,科创信息
5199,002949,华阳国际
5200,000975,山金国际
5201,002252,上海莱士
5202,301216,万凯新材
5203,000695,滨海能源
5204,000550,江铃汽车
5205,300125,ST聆达
5206,301166,优宁维
5207,002951,*ST金时
5208,300726,宏达电子
5209,300245,天玑科技
5210,001979,招商蛇口
5211,300093,金刚光伏
5212,002057,中钢天源
5213,301030,仕净科技
5214,300005,探路者
5215,301515,港通医疗
5216,300897,山科智能
5217,301182,凯旺科技
5218,300029,ST天龙
5219,002171,楚江新材
5220,300958,建工修复
5221,002779,中坚科技
5222,002547,春兴精工
5223,001213,中铁特货
5224,300358,楚天科技
5225,301365,矩阵股份
5226,000858,五 粮 液
5227,002248,华东数控
5228,300436,广生堂
5229,001207,联科科技
5230,000883,湖北能源
5231,000595,宝塔实业
5232,300107,建新股份
5233,300705,九典制药
5234,300041,回天新材
5235,301149,隆华新材
5236,002700,ST浩源
5237,301038,深水规院
5238,002865,钧达股份
5239,300642,透景生命
5240,002745,木林森
5241,002178,延华智能
5242,301024,霍普股份
5243,002800,天顺股份
5244,001298,好上好
5245,300664,鹏鹞环保
5246,300715,凯伦股份
5247,300678,中科信息
5248,301529,福赛科技
5249,301507,民生健康
5250,300134,大富科技
5251,300767,震安科技
5252,301115,建科股份
5253,300244,迪安诊断
5254,300088,长信科技
5255,300296,利亚德
5256,002030,达安基因
5257,301366,一博科技
5258,002639,雪人股份
5259,301085,亚康股份
5260,000099,中信海直
5261,300760,迈瑞医疗
5262,300635,中达安
5263,300027,华谊兄弟
5264,002789,建艺集团
5265,300053,航宇微
5266,002793,罗欣药业
5267,301487,盟固利
5268,300416,苏试试验
5269,002647,仁东控股
5270,300533,冰川网络
5271,301207,华兰疫苗
5272,300565,科信技术
5273,300630,普利制药
5274,301091,深城交
5275,300942,易瑞生物
5276,300460,惠伦晶体
5277,300823,建科智能
5278,002085,万丰奥威
5279,002320,海峡股份
5280,300012,华测检测
5281,000561,烽火电子
5282,002564,*ST天沃
5283,002774,快意电梯
5284,000596,古井贡酒
5285,300872,天阳科技
5286,300069,金利华电
5287,001339,智微智能
5288,300080,易成新能
5289,300598,诚迈科技
5290,300076,GQY视讯
5291,300472,新元科技
5292,300844,山水比德
5293,300205,ST天喻
5294,301508,中机认检
5295,000877,天山股份
5296,002084,海鸥住工
5297,300159,新研股份
5298,002883,中设股份
5299,002425,ST凯文
5300,002822,ST中装
5301,301312,智立方
5302,002650,ST加加
5303,000557,西部创业
5304,000568,泸州老窖
5305,000820,神雾节能
5306,300332,天壕能源
5307,002365,永安药业
5308,301326,捷邦科技
5309,300887,谱尼测试
5310,002941,新疆交建
5311,000888,峨眉山Ａ
5312,300931,通用电梯
5313,002656,ST摩登
5314,001317,三羊马
5315,300732,设研院
5316,000020,深华发Ａ
5317,300778,新城市
5318,300826,测绘股份
5319,002201,正威新材
5320,301159,三维天地
5321,002141,*ST贤丰
5322,300966,共同药业
5323,300737,科顺股份
5324,301505,苏州规划
5325,300284,苏交科
5326,300500,启迪设计
5327,002760,凤形股份
5328,300469,信息发展
5329,301236,软通动力
5330,300842,帝科股份
5331,000848,承德露露
5332,300949,奥雅股份
5333,301167,建研设计
5334,300531,优博讯
5335,000567,海德股份
5336,002398,垒知集团
5337,300094,国联水产
5338,301122,采纳股份
5339,301228,实朴检测
5340,300410,正业科技
5341,002628,成都路桥
5342,300572,安车检测
5343,301578,辰奕智能
5344,002354,天娱数科
5345,300530,领湃科技
5346,300639,凯普生物
5347,301357,北方长龙
5348,300989,蕾奥规划
5349,300564,筑博设计
5350,002511,中顺洁柔
5351,300746,汉嘉设计
5352,300490,华自科技
5353,000590,启迪药业
5354,002307,北新路桥
5355,000517,荣安地产
5356,301172,君逸数码
5357,300588,熙菱信息
5358,000755,山西高速
5359,300536,*ST农尚
5360,300438,鹏辉能源
5361,000598,兴蓉环境
5362,301517,陕西华达
5363,002146,荣盛发展
5364,000953,河化股份
5365,000158,常山北明
5366,000810,创维数字
5367,002829,星网宇达
5368,002333,罗普斯金
5369,000779,甘咨询
5370,000532,华金资本
5371,300675,建科院
5372,300161,华中数控
5373,300214,日科化学
5374,301136,招标股份
5375,300070,碧水源
5376,300935,盈建科
5377,301391,卡莱特
5378,300106,西部牧业
5379,300977,深圳瑞捷
5380,000688,科创50指数
5381,512660,军工ETF
5382,01810,小米集团
5384,09888,百度集团
5385,00700,腾讯控股
5386,00981,中芯国际
5387,09660,地平线机器人
5388,588080,科创50ETF
5389,588000,科创50ETF
5390,159928,消费ETF